Customer_ID,Last_Name,Credit Score,Country,Gender,Age,Tenure,Balance,NumOfProducts,HasCrCard?,IsActiveMember,Estimated Salary,ExitedFromBank?
15634602,Hargrave,619,France,Female,42,2,0,1,TRUE,TRUE,101348.88,TRUE
15647311,Hill,608,Spain,Female,41,1,83807.86,1,FALSE,TRUE,112542.58,FALSE
15619304,Onio,502,France,Female,42,8,159660.8,3,TRUE,FALSE,113931.57,TRUE
15701354,Boni,699,France,Female,39,1,0,2,FALSE,FALSE,93826.63,FALSE
15737888,Mitchell,850,Spain,Female,43,2,125510.82,1,TRUE,TRUE,79084.1,FALSE
15574012,Chu,645,Spain,Male,44,8,113755.78,2,TRUE,FALSE,149756.71,TRUE
15592531,Bartlett,822,France,Male,50,7,0,2,TRUE,TRUE,10062.8,FALSE
15656148,Obinna,376,Germany,Female,29,4,115046.74,4,TRUE,FALSE,119346.88,TRUE
15792365,He,501,France,Male,44,4,142051.07,2,FALSE,TRUE,74940.5,FALSE
15592389,H?,684,France,Male,27,2,134603.88,1,TRUE,TRUE,71725.73,FALSE
15767821,Bearce,528,France,Male,31,6,102016.72,2,FALSE,FALSE,80181.12,FALSE
15632264,Kay,476,France,Female,34,10,0,2,TRUE,FALSE,26260.98,FALSE
15691483,Chin,549,France,Female,25,5,0,2,FALSE,FALSE,190857.79,FALSE
15600882,Scott,635,Spain,Female,35,7,0,2,TRUE,TRUE,65951.65,FALSE
15643966,Goforth,616,Germany,Male,45,3,143129.41,2,FALSE,TRUE,64327.26,FALSE
15737452,Romeo,653,Germany,Male,58,1,132602.88,1,TRUE,FALSE,5097.67,TRUE
15788218,Henderson,549,Spain,Female,24,9,0,2,TRUE,TRUE,14406.41,FALSE
15661507,Muldrow,587,Spain,Male,45,6,0,1,FALSE,FALSE,158684.81,FALSE
15568982,Hao,726,France,Female,24,6,0,2,TRUE,TRUE,54724.03,FALSE
15577657,McDonald,732,France,Male,41,8,0,2,TRUE,TRUE,170886.17,FALSE
15597945,Dellucci,636,Spain,Female,32,8,0,2,TRUE,FALSE,98596.99699392713,FALSE
15699309,Gerasimov,510,Spain,Female,38,4,0,1,TRUE,FALSE,118913.53,TRUE
15725737,Mosman,669,France,Male,46,3,0,2,FALSE,TRUE,8487.75,FALSE
15625047,Yen,846,France,Female,38,5,0,1,TRUE,TRUE,187616.16,FALSE
15738191,Maclean,577,France,Male,25,3,0,2,FALSE,TRUE,124508.29,FALSE
15736816,Young,756,Germany,Male,36,2,136815.64,1,TRUE,TRUE,170041.95,FALSE
15700772,Nebechi,571,France,Male,44,9,0,2,FALSE,FALSE,38433.35,FALSE
15728693,McWilliams,574,Germany,Female,43,3,141349.43,1,TRUE,TRUE,100187.43,FALSE
15656300,Lucciano,411,France,Male,29,0,59697.17,2,TRUE,TRUE,53483.21,FALSE
15589475,Azikiwe,591,Spain,Female,39,3,0,3,TRUE,FALSE,140469.38,TRUE
15706552,Odinakachukwu,533,France,Male,36,7,85311.7,1,FALSE,TRUE,156731.91,FALSE
15750181,Sanderson,553,Germany,Male,41,9,110112.54,2,FALSE,FALSE,81898.81,FALSE
15659428,Maggard,520,Spain,Female,42,6,0,2,TRUE,TRUE,34410.55,FALSE
15732963,Clements,722,Spain,Female,29,9,0,2,TRUE,TRUE,142033.07,FALSE
15794171,Lombardo,475,France,Female,45,0,134264.04,1,TRUE,FALSE,27822.99,TRUE
15788448,Watson,490,Spain,Male,31,3,145260.23,1,FALSE,TRUE,114066.77,FALSE
15729599,Lorenzo,804,Spain,Male,33,7,76548.6,1,FALSE,TRUE,98453.45,FALSE
15717426,Armstrong,850,France,Male,36,7,0,1,TRUE,TRUE,40812.9,FALSE
15585768,Cameron,582,Germany,Male,41,6,70349.48,2,FALSE,TRUE,178074.04,FALSE
15619360,Hsiao,472,Spain,Male,40,4,0,1,TRUE,FALSE,70154.22,FALSE
15738148,Clarke,465,France,Female,51,8,122522.32,1,FALSE,FALSE,181297.65,TRUE
15687946,Osborne,556,France,Female,61,2,117419.35,1,TRUE,TRUE,94153.83,FALSE
15755196,Lavine,834,France,Female,49,2,131394.56,1,FALSE,FALSE,194365.76,TRUE
15684171,Bianchi,660,Spain,Female,61,5,155931.11,1,TRUE,TRUE,158338.39,FALSE
15754849,Tyler,776,Germany,Female,32,4,109421.13,2,TRUE,TRUE,126517.46,FALSE
15602280,Martin,829,Germany,Female,27,9,112045.67,1,TRUE,TRUE,119708.21,TRUE
15771573,Okagbue,637,Germany,Female,39,9,137843.8,1,TRUE,TRUE,117622.8,TRUE
15766205,Yin,550,Germany,Male,38,2,103391.38,1,FALSE,TRUE,90878.13,FALSE
15771873,Buccho,776,Germany,Female,37,2,103769.22,2,TRUE,FALSE,194099.12,FALSE
15616550,Chidiebele,698,Germany,Male,44,10,116363.37,2,TRUE,FALSE,198059.16,FALSE
15768193,Trevisani,585,Germany,Male,36,5,146050.97,2,FALSE,FALSE,86424.57,FALSE
15683553,O'Brien,788,France,Female,33,5,0,2,FALSE,FALSE,116978.19,FALSE
15702298,Parkhill,655,Germany,Male,41,8,125561.97,1,FALSE,FALSE,164040.94,TRUE
15569590,Yoo,601,Germany,Male,42,1,98495.72,1,TRUE,FALSE,40014.76,TRUE
15760861,Phillipps,619,France,Male,43,1,125211.92,1,TRUE,TRUE,113410.49,FALSE
15630053,Tsao,656,France,Male,45,5,127864.4,1,TRUE,FALSE,87107.57,FALSE
15647091,Endrizzi,725,Germany,Male,19,0,75888.2,1,FALSE,FALSE,45613.75,FALSE
15623944,T'ien,511,Spain,Female,66,4,0,1,TRUE,FALSE,1643.11,TRUE
15804771,Velazquez,614,France,Male,51,4,40685.92,1,TRUE,TRUE,46775.28,FALSE
15651280,Hunter,742,Germany,Male,35,5,136857,1,FALSE,FALSE,84509.57,FALSE
15773469,Clark,687,Germany,Female,27,9,152328.88,2,FALSE,FALSE,126494.82,FALSE
15702014,Jeffrey,555,Spain,Male,33,1,56084.69,2,FALSE,FALSE,178798.13,FALSE
15751208,Pirozzi,684,Spain,Male,56,8,78707.16,1,TRUE,TRUE,99398.36,FALSE
15592461,Jackson,603,Germany,Male,26,4,109166.37,1,TRUE,TRUE,92840.67,FALSE
15789484,Hammond,751,Germany,Female,36,6,169831.46,2,TRUE,TRUE,27758.36,FALSE
15696061,Brownless,581,Germany,Female,34,1,101633.04,1,TRUE,FALSE,110431.51,FALSE
15641582,Chibugo,735,Germany,Male,43,10,123180.01,2,TRUE,TRUE,196673.28,FALSE
15638424,Glauert,661,Germany,Female,35,5,150725.53,2,FALSE,TRUE,113656.85,FALSE
15755648,Pisano,675,France,Female,21,8,98373.26,1,TRUE,FALSE,18203,FALSE
15703793,Konovalova,738,Germany,Male,58,2,133745.44,4,TRUE,FALSE,28373.86,TRUE
15620344,McKee,813,France,Male,29,6,0,1,TRUE,FALSE,33953.87,FALSE
15812518,Palermo,657,Spain,Female,37,0,163607.18,1,FALSE,TRUE,44203.55,FALSE
15779052,Ballard,604,Germany,Female,25,5,157780.84,2,TRUE,TRUE,58426.81,FALSE
15770811,Wallace,519,France,Male,36,9,0,2,FALSE,TRUE,145562.4,FALSE
15780961,Cavenagh,735,France,Female,21,1,178718.19,2,TRUE,FALSE,22388,FALSE
15614049,Hu,664,France,Male,55,8,0,2,TRUE,TRUE,139161.64,FALSE
15662085,Read,678,France,Female,32,9,0,1,TRUE,TRUE,148210.64,FALSE
15575185,Bushell,757,Spain,Male,33,5,77253.22,1,FALSE,TRUE,194239.63,FALSE
15803136,Postle,416,Germany,Female,41,10,122189.66,2,TRUE,FALSE,98301.61,FALSE
15706021,Buley,665,France,Female,34,1,96645.54,2,FALSE,FALSE,171413.66,FALSE
15663706,Leonard,777,France,Female,32,2,0,1,TRUE,FALSE,136458.19,TRUE
15641732,Mills,543,France,Female,36,3,0,2,FALSE,FALSE,26019.59,FALSE
15701164,Onyeorulu,506,France,Female,34,4,90307.62,1,TRUE,TRUE,159235.29,FALSE
15738751,Beit,493,France,Female,46,4,0,2,TRUE,FALSE,1907.66,FALSE
15805254,Ndukaku,652,Spain,Female,75,10,0,2,TRUE,TRUE,114675.75,FALSE
15762418,Gant,750,Spain,Male,22,3,121681.82,1,TRUE,FALSE,128643.35,TRUE
15625759,Rowley,729,France,Male,30,9,0,2,TRUE,FALSE,151869.35,FALSE
15622897,Sharpe,646,France,Female,46,4,0,3,TRUE,FALSE,93251.42,TRUE
15767954,Osborne,635,Germany,Female,28,3,81623.67,2,TRUE,TRUE,156791.36,FALSE
15757535,Heap,647,Spain,Female,44,5,0,3,TRUE,TRUE,174205.22,TRUE
15731511,Ritchie,808,France,Male,45,7,118626.55,2,TRUE,FALSE,147132.46,FALSE
15809248,Cole,524,France,Female,36,10,0,2,TRUE,FALSE,109614.57,FALSE
15640635,Capon,769,France,Male,29,8,0,2,TRUE,TRUE,172290.61,FALSE
15676966,Capon,730,Spain,Male,42,4,0,2,FALSE,TRUE,85982.47,FALSE
15699461,Fiorentini,515,Spain,Male,35,10,176273.95,1,FALSE,TRUE,121277.78,FALSE
15738721,Graham,773,Spain,Male,41,9,102827.44,1,FALSE,TRUE,64595.25,FALSE
15693683,Yuille,814,Germany,Male,29,8,97086.4,2,TRUE,TRUE,197276.13,FALSE
15604348,Allard,710,Spain,Male,22,8,0,2,FALSE,FALSE,99645.04,FALSE
15633059,Fanucci,413,France,Male,34,9,0,2,FALSE,FALSE,6534.18,FALSE
15808582,Fu,665,France,Female,40,6,0,1,TRUE,TRUE,161848.03,FALSE
15743192,Hung,623,France,Female,44,6,0,2,FALSE,FALSE,167162.43,FALSE
15580146,Hung,738,France,Male,31,9,82674.15,1,TRUE,FALSE,41970.72,FALSE
15776605,Bradley,528,Spain,Male,36,7,0,2,TRUE,FALSE,60536.56,FALSE
15804919,Dunbabin,670,Spain,Female,65,1,0,1,TRUE,TRUE,177655.68,TRUE
15613854,Mauldon,622,Spain,Female,46,4,107073.27,2,TRUE,TRUE,30984.59,TRUE
15599195,Stiger,582,Germany,Male,32,1,88938.62,1,TRUE,TRUE,10054.53,FALSE
15812878,Parsons,785,Germany,Female,36,2,99806.85,1,FALSE,TRUE,36976.52,FALSE
15602312,Walkom,605,Spain,Male,33,5,150092.8,1,FALSE,FALSE,71862.79,FALSE
15744689,T'ang,479,Germany,Male,35,9,92833.89,1,TRUE,FALSE,99449.86,TRUE
15803526,Eremenko,685,Germany,Male,30,3,90536.81,1,FALSE,TRUE,63082.88,FALSE
15665790,Rowntree,538,Germany,Male,39,7,108055.1,2,TRUE,FALSE,27231.26,FALSE
15715951,Thorpe,562,France,Male,42,2,100238.35,1,FALSE,FALSE,86797.41,FALSE
15591100,Chiemela,675,Spain,Male,36,9,106190.55,1,FALSE,TRUE,22994.32,FALSE
15609618,Fanucci,721,Germany,Male,28,9,154475.54,2,FALSE,TRUE,101300.94,TRUE
15675522,Ko,628,Germany,Female,30,9,132351.29,2,TRUE,TRUE,74169.13,FALSE
15705512,Welch,668,Germany,Female,37,6,167864.4,1,TRUE,FALSE,115638.29,FALSE
15698028,Duncan,506,France,Female,41,1,0,2,TRUE,FALSE,31766.3,FALSE
15661670,Chidozie,524,Germany,Female,31,8,107818.63,1,TRUE,FALSE,199725.39,TRUE
15600781,Wu,699,Germany,Male,34,4,185173.81,2,TRUE,FALSE,120834.48,FALSE
15682472,Culbreth,828,France,Male,34,8,129433.34,2,FALSE,FALSE,38131.77,FALSE
15580203,Kennedy,674,Spain,Male,39,6,120193.42,1,FALSE,FALSE,100130.95,FALSE
15690673,Cameron,656,France,Female,39,6,0,2,TRUE,FALSE,141069.88,FALSE
15760085,Calabresi,684,Germany,Female,48,10,126384.42,1,TRUE,TRUE,198129.36,FALSE
15779659,Zetticci,625,France,Female,28,3,0,1,FALSE,FALSE,183646.41,FALSE
15627360,Fuller,432,France,Male,42,9,152603.45,1,TRUE,FALSE,110265.24,TRUE
15671137,MacDonald,549,France,Female,52,1,0,1,FALSE,TRUE,8636.05,TRUE
15782688,Piccio,625,Germany,Male,56,0,148507.24,1,TRUE,FALSE,46824.08,TRUE
15575492,Kennedy,828,France,Female,41,7,0,2,TRUE,FALSE,171378.77,FALSE
15591607,Fernie,770,France,Male,24,9,101827.07,1,TRUE,FALSE,167256.35,FALSE
15740404,He,758,France,Female,34,3,0,2,TRUE,TRUE,124226.16,FALSE
15718369,Kaodilinakachukwu,795,Germany,Female,33,9,130862.43,1,TRUE,TRUE,114935.21,FALSE
15677871,Cocci,687,France,Male,38,9,122570.87,1,TRUE,TRUE,35608.88,FALSE
15642004,Alekseeva,686,France,Male,25,1,0,2,FALSE,TRUE,16459.37,FALSE
15712543,Chinweike,789,Germany,Male,39,7,124828.46,2,TRUE,TRUE,124411.08,FALSE
15584518,Arthur,589,Germany,Female,50,5,144895.05,2,TRUE,TRUE,34941.23,FALSE
15802381,Li,461,Germany,Female,34,5,63663.93,1,FALSE,TRUE,167784.28,FALSE
15610156,Ma,637,France,Male,40,2,133463.1,1,FALSE,TRUE,93165.34,FALSE
15594408,Chia,584,Spain,Female,48,2,213146.2,1,TRUE,FALSE,75161.25,TRUE
15640905,Vasin,579,Spain,Female,35,1,129490.36,2,FALSE,TRUE,8590.83,TRUE
15698932,Groves,756,Germany,Male,44,10,137452.09,1,TRUE,FALSE,189543.9,FALSE
15724944,Tien,663,France,Male,34,7,0,2,TRUE,TRUE,180427.24,FALSE
15628145,Forwood,682,France,Female,43,5,125851.93,1,TRUE,TRUE,193318.33,FALSE
15713483,Greeves,793,Spain,Male,52,2,0,1,TRUE,FALSE,159123.82,TRUE
15612350,Taylor,691,France,Female,31,5,40915.55,1,TRUE,FALSE,126213.84,TRUE
15800703,Madukwe,485,Spain,Female,21,5,113157.22,1,TRUE,TRUE,54141.5,FALSE
15705707,Bennelong,635,Spain,Female,29,8,138296.94,2,TRUE,FALSE,141075.51,FALSE
15754105,Olisanugo,650,France,Male,37,5,106967.18,1,FALSE,FALSE,24495.03,FALSE
15703264,Chukwufumnanya,735,France,Male,44,9,120681.63,1,TRUE,FALSE,74836.34,FALSE
15794413,Harris,416,France,Male,32,0,0,2,FALSE,TRUE,878.87,FALSE
15650237,Morgan,754,Spain,Female,32,7,0,2,TRUE,FALSE,89520.75,FALSE
15759618,Alexeeva,535,France,Female,48,9,0,1,TRUE,FALSE,149892.79,TRUE
15811589,Metcalfe,716,Spain,Male,42,8,0,2,TRUE,FALSE,180800.42,FALSE
15689044,Humphries,539,France,Male,37,2,127609.59,1,TRUE,FALSE,98646.22,FALSE
15709368,Milne,614,France,Female,43,6,0,2,TRUE,TRUE,109041.53,FALSE
15679145,Chou,706,Spain,Male,57,7,0,1,TRUE,FALSE,17941.16,TRUE
15655007,Li,758,France,Female,33,7,0,2,FALSE,FALSE,82996.47,FALSE
15623595,Clayton,586,Spain,Female,28,2,0,2,TRUE,TRUE,92067.35,FALSE
15589975,Maclean,646,France,Female,73,6,97259.25,1,FALSE,TRUE,104719.66,FALSE
15804017,Chigolum,631,Germany,Female,33,4,123246.7,1,FALSE,FALSE,112687.57,FALSE
15692132,Wilkinson,717,Spain,Female,22,6,101060.25,1,FALSE,TRUE,84699.56,FALSE
15641122,Wei,684,France,Male,30,2,0,2,TRUE,FALSE,83473.82,FALSE
15630910,Treacy,800,France,Female,49,7,108007.36,1,FALSE,FALSE,47125.11,FALSE
15680772,Hu,721,Spain,Female,36,2,0,2,TRUE,TRUE,106977.8,FALSE
15658929,Taverner,683,Spain,Male,29,0,133702.89,1,TRUE,FALSE,55582.54,TRUE
15585388,Sherman,660,Germany,Male,31,9,125189.75,2,TRUE,TRUE,139874.43,FALSE
15724623,Taubman,704,Germany,Female,24,7,113034.22,1,TRUE,FALSE,162503.48,TRUE
15588537,Robinson,615,Spain,Female,41,9,109013.23,1,TRUE,FALSE,196499.96,FALSE
15574692,Pinto,667,Spain,Female,39,2,0,2,TRUE,FALSE,40721.24,TRUE
15611325,Wood,682,Germany,Male,24,9,57929.81,2,FALSE,FALSE,53134.3,FALSE
15587562,Hawkins,484,France,Female,29,4,130114.39,1,TRUE,FALSE,164017.89,FALSE
15613172,Sun,628,Germany,Male,27,5,95826.49,2,TRUE,FALSE,155996.96,FALSE
15651022,Yost,480,Germany,Male,44,10,129608.57,1,TRUE,FALSE,5472.7,TRUE
15586310,Ting,578,France,Male,30,4,169462.09,1,TRUE,FALSE,112187.11,FALSE
15625524,Rowe,512,France,Male,40,5,0,2,TRUE,TRUE,146457.83,FALSE
15755209,Fu,484,Spain,Female,35,7,133868.21,1,TRUE,TRUE,27286.1,FALSE
15645248,Ho,510,France,Female,30,0,0,2,TRUE,TRUE,130553.47,FALSE
15790355,Okechukwu,606,Germany,Male,36,5,190479.48,2,FALSE,FALSE,179351.89,FALSE
15762615,Campbell,597,Spain,Female,40,8,101993.12,1,FALSE,TRUE,94774.12,FALSE
15625426,Ashbolt,754,Germany,Female,55,3,161608.81,1,TRUE,FALSE,8080.85,TRUE
15716334,Rozier,850,Spain,Female,45,2,122311.21,1,TRUE,TRUE,19482.5,FALSE
15789669,Hsia,510,France,Male,65,2,0,2,TRUE,TRUE,48071.61,FALSE
15621075,Ogbonnaya,778,Germany,Female,45,1,162150.42,2,TRUE,FALSE,174531.27,FALSE
15810845,T'ang,636,France,Male,42,2,0,2,TRUE,TRUE,55470.78,FALSE
15719377,Cocci,804,France,Female,50,4,0,1,TRUE,TRUE,8546.87,TRUE
15654506,Chang,514,France,Male,32,8,0,2,TRUE,FALSE,95857.18,FALSE
15771977,T'ao,730,France,Female,39,1,99010.67,1,TRUE,FALSE,194945.8,FALSE
15708710,Ford,525,Spain,Female,37,0,0,1,FALSE,TRUE,131521.72,FALSE
15726676,Marshall,616,Spain,Male,30,5,0,2,FALSE,TRUE,196108.51,FALSE
15587421,Tsai,687,Germany,Female,34,7,111388.18,2,TRUE,FALSE,148564.76,FALSE
15726931,Onwumelu,715,France,Female,41,8,56214.85,2,FALSE,FALSE,92982.61,TRUE
15771086,Graham,512,France,Female,36,3,84327.77,2,TRUE,FALSE,17675.36,FALSE
15756850,Golovanov,479,France,Male,40,1,0,2,FALSE,FALSE,114996.43,FALSE
15702741,Potts,601,France,Male,32,8,93012.89,1,TRUE,FALSE,86957.42,FALSE
15679200,Crawford,580,Spain,Male,29,9,61710.44,2,TRUE,FALSE,128077.8,FALSE
15594815,Aleshire,807,France,Male,35,3,174790.15,1,TRUE,TRUE,600.36,FALSE
15635905,Moran,616,Spain,Female,32,6,0,2,TRUE,TRUE,43001.46,FALSE
15777892,Samsonova,721,Germany,Male,37,3,107720.64,1,TRUE,TRUE,158591.12,FALSE
15656176,Jenkins,501,France,Male,57,10,0,2,TRUE,TRUE,47847.19,FALSE
15811127,Volkov,521,France,Male,35,6,96423.84,1,TRUE,FALSE,10488.44,FALSE
15604482,Chiemezie,850,Spain,Male,30,2,141040.01,1,TRUE,TRUE,5978.2,FALSE
15622911,Jude,759,France,Male,42,4,105420.18,1,FALSE,TRUE,121409.06,FALSE
15600974,He,516,Spain,Male,50,5,0,1,FALSE,TRUE,146145.93,TRUE
15727868,Onuora,711,France,Female,38,2,129022.06,2,TRUE,TRUE,14374.86,TRUE
15627801,Ginikanwa,648,Spain,Male,33,3,176666.62,1,TRUE,FALSE,94670.77,FALSE
15773039,Ku,550,France,Male,37,3,0,1,TRUE,TRUE,179670.31,FALSE
15755262,McDonald,608,Spain,Female,41,3,89763.84,1,FALSE,FALSE,199304.74,TRUE
15679531,Collins,618,France,Male,34,5,134954.53,1,TRUE,TRUE,151954.39,FALSE
15684181,Hackett,643,France,Male,45,5,0,1,TRUE,FALSE,142513.5,TRUE
15612087,Dike,671,France,Male,45,2,106376.85,1,FALSE,TRUE,158264.62,FALSE
15752047,Unknown,689,Germany,Male,33,2,161814.64,2,TRUE,FALSE,169381.9,FALSE
15624592,Tan,603,France,Male,31,8,0,2,TRUE,TRUE,169915.02,FALSE
15573152,Glassman,620,France,Female,41,9,0,2,FALSE,FALSE,88852.47,FALSE
15594917,Miller,676,France,Female,34,1,63095.01,1,TRUE,TRUE,40645.81,FALSE
15785542,Kornilova,648,Germany,Male,26,4,118287.01,2,FALSE,FALSE,98596.99699392713,FALSE
15723488,Watson,668,Germany,Male,47,7,106854.21,1,FALSE,TRUE,157959.02,TRUE
15680920,Marchesi,695,France,Male,46,7,49512.55,1,TRUE,FALSE,133007.34,FALSE
15786308,Millar,730,Spain,Female,33,9,0,2,FALSE,FALSE,176576.62,FALSE
15659366,Shih,807,France,Male,43,1,105799.32,2,TRUE,FALSE,34888.04,TRUE
15774854,Fuller,592,France,Male,54,8,0,1,TRUE,TRUE,28737.71,TRUE
15725311,Hay,726,France,Female,31,9,114722.05,2,TRUE,TRUE,98178.57,FALSE
15787155,Yang,514,Spain,Male,30,7,0,1,FALSE,TRUE,125010.24,FALSE
15727829,McIntyre,567,France,Male,42,2,0,2,TRUE,TRUE,167984.61,FALSE
15733247,Stevenson,850,France,Male,33,10,0,1,TRUE,FALSE,4861.72,TRUE
15568748,Poole,671,Germany,Male,45,6,99564.22,1,TRUE,TRUE,108872.45,TRUE
15699029,Bagley,670,France,Male,37,4,170557.91,2,TRUE,FALSE,198252.88,FALSE
15774393,Ch'ien,694,France,Female,30,9,0,2,TRUE,TRUE,26960.31,FALSE
15676895,Cattaneo,547,Germany,Female,39,6,74596.15,3,TRUE,TRUE,85746.52,TRUE
15637753,O'Sullivan,751,Germany,Male,50,2,96888.39,1,TRUE,FALSE,77206.25,TRUE
15605461,Lucas,594,Germany,Female,29,3,130830.22,1,TRUE,FALSE,61048.53,FALSE
15808473,Ringrose,673,France,Male,72,1,0,2,FALSE,TRUE,111981.19,FALSE
15627000,Freeman,610,France,Male,40,0,0,2,TRUE,FALSE,62232.6,FALSE
15787174,Sergeyev,512,France,Female,37,1,0,2,FALSE,TRUE,156105.03,FALSE
15723886,Fiore,767,Germany,Male,20,3,119714.25,2,FALSE,TRUE,150135.38,FALSE
15704769,Smith,585,France,Female,67,5,113978.97,2,FALSE,TRUE,93146.11,FALSE
15772896,Dumetochukwu,763,Germany,Male,42,6,100160.75,1,TRUE,FALSE,33462.94,TRUE
15711540,Pacheco,712,France,Female,29,2,0,1,TRUE,TRUE,144375,FALSE
15764866,Synnot,539,Germany,Female,43,3,116220.5,3,TRUE,FALSE,55803.96,TRUE
15794056,Johnston,668,France,Female,46,2,0,3,TRUE,FALSE,89048.46,TRUE
15795149,Stevens,703,France,Male,28,2,81173.83,2,FALSE,TRUE,162812.16,FALSE
15812009,Grant,662,Spain,Male,38,4,0,2,TRUE,FALSE,136259.65,FALSE
15651001,Tsao,725,Germany,Female,39,5,116803.8,1,TRUE,FALSE,124052.97,FALSE
15813844,Barnes,703,France,Male,37,8,105961.68,2,FALSE,TRUE,74158.8,FALSE
15596175,McIntosh,659,Germany,Male,67,6,117411.6,1,TRUE,TRUE,45071.09,TRUE
15576269,Madison,523,Spain,Male,34,7,0,2,TRUE,FALSE,62030.06,FALSE
15797219,Ifesinachi,635,France,Female,40,10,123497.58,1,TRUE,FALSE,131953.23,TRUE
15685500,Glazkov,772,Germany,Male,26,7,152400.51,2,TRUE,FALSE,79414,FALSE
15599792,Dimauro,545,France,Female,26,1,0,2,TRUE,TRUE,199638.56,FALSE
15657566,Wieck,634,Germany,Male,24,8,103097.85,1,TRUE,TRUE,157577.29,FALSE
15772423,Liao,739,Germany,Male,54,8,126418.14,1,TRUE,FALSE,134420.75,TRUE
15628112,Hughes,771,Germany,Female,36,5,77846.9,1,FALSE,FALSE,99805.99,FALSE
15753754,Morrison,587,Spain,Female,34,1,0,2,TRUE,TRUE,97932.68,FALSE
15793726,Matveyeva,681,France,Female,79,0,0,2,FALSE,TRUE,170968.99,FALSE
15694717,Ku,544,Germany,Male,37,2,79731.91,1,TRUE,TRUE,57558.95,FALSE
15665834,Cheatham,696,Spain,Male,28,8,0,1,FALSE,FALSE,176713.47,FALSE
15765297,Yao,766,Spain,Male,41,0,0,2,FALSE,TRUE,34283.23,FALSE
15636684,Kirkland,727,France,Male,34,10,0,2,TRUE,TRUE,198637.34,FALSE
15592979,Rose,671,Germany,Female,34,6,37266.67,2,FALSE,FALSE,156917.12,FALSE
15750803,Jess,693,France,Female,30,6,127992.25,1,TRUE,TRUE,50457.2,FALSE
15607178,Welch,850,Germany,Male,38,3,54901.01,1,TRUE,TRUE,140075.55,FALSE
15713853,Ifeajuna,732,Germany,Male,42,9,108748.08,2,TRUE,TRUE,65323.11,FALSE
15673481,Morton,726,Spain,Female,48,6,99906.19,1,TRUE,FALSE,64323.24,FALSE
15686776,Rossi,557,France,Female,32,6,184686.41,2,TRUE,FALSE,14956.44,FALSE
15673693,Reppert,682,France,Female,26,0,110654.02,1,FALSE,TRUE,111879.21,FALSE
15700696,Kang,738,Spain,Male,31,9,79019.8,1,TRUE,TRUE,18606.23,FALSE
15813163,Ch'iu,531,Spain,Female,36,9,99240.51,1,TRUE,FALSE,123137.01,FALSE
15653857,Wallis,498,France,Male,34,2,0,2,TRUE,TRUE,148528.24,FALSE
15777076,Clark,651,France,Male,36,7,0,2,TRUE,FALSE,13898.31,FALSE
15717398,Fielding,549,Spain,Female,39,7,0,1,FALSE,FALSE,81259.25,TRUE
15799217,Zetticci,791,Germany,Female,35,7,52436.2,1,TRUE,FALSE,161051.75,FALSE
15787071,Dulhunty,650,Spain,Male,41,9,0,2,FALSE,TRUE,191599.67,FALSE
15619955,Bevington,733,Germany,Male,34,3,100337.96,3,TRUE,FALSE,48559.19,TRUE
15796505,Boyle,811,Germany,Female,34,1,149297.19,2,TRUE,TRUE,186339.74,FALSE
15725166,Newton,707,France,Male,30,8,0,2,TRUE,FALSE,33159.37,FALSE
15800116,Bowman,712,Germany,Male,28,4,145605.44,1,FALSE,TRUE,93883.53,FALSE
15758685,Dubinina,706,Spain,Female,37,7,0,2,TRUE,TRUE,110899.3,FALSE
15694456,Toscani,756,France,Male,62,3,0,1,TRUE,TRUE,11199.04,TRUE
15767339,Chiazagomekpere,777,France,Female,53,10,0,2,TRUE,FALSE,189992.97,FALSE
15683562,Allen,646,France,Male,35,6,84026.86,1,FALSE,TRUE,164255.69,FALSE
15782210,K'ung,714,France,Male,46,1,0,1,TRUE,FALSE,152167.79,TRUE
15668893,Wilsmore,782,France,Male,39,8,0,2,TRUE,TRUE,33949.67,FALSE
15669169,Hargreaves,775,Spain,Male,29,10,0,2,TRUE,TRUE,68143.93,FALSE
15643024,Huang,479,Germany,Male,35,4,138718.92,1,TRUE,TRUE,47251.79,TRUE
15699389,Ch'ien,807,France,Male,42,7,118274.71,1,TRUE,TRUE,25885.72,FALSE
15708608,Wallwork,799,France,Female,22,8,174185.98,2,FALSE,TRUE,192633.85,FALSE
15626144,Chu,675,France,Male,40,7,113208.86,2,TRUE,FALSE,34577.36,FALSE
15573112,Kang,602,Spain,Male,29,5,103907.28,1,TRUE,FALSE,161229.84,FALSE
15790678,Davidson,475,France,Female,32,8,119023.28,1,TRUE,FALSE,100816.29,FALSE
15727556,O'Donnell,744,Spain,Female,26,5,166297.89,1,TRUE,TRUE,181694.44,FALSE
15697307,Nnachetam,588,Spain,Male,34,10,0,2,TRUE,FALSE,79078.91,FALSE
15652266,Chidiebele,703,Germany,Male,42,9,63227,1,FALSE,TRUE,137316.32,FALSE
15607098,Ahmed,747,Spain,Female,41,5,94521.17,2,TRUE,FALSE,194926.86,FALSE
15655774,Booth,583,France,Male,27,7,0,2,TRUE,FALSE,51285.49,FALSE
15590241,Chuang,750,Spain,Female,34,9,112822.26,1,FALSE,FALSE,150401.53,TRUE
15785819,Shao,681,France,Male,38,3,0,2,TRUE,TRUE,112491.96,FALSE
15723654,Tsao,773,France,Male,25,2,135903.33,1,TRUE,FALSE,73656.38,FALSE
15774510,Tien,714,France,Female,31,4,125169.26,1,TRUE,TRUE,106636.89,FALSE
15684173,Chang,687,Spain,Female,44,7,0,3,TRUE,FALSE,155853.52,TRUE
15650068,Johnson,511,France,Male,58,0,149117.31,1,TRUE,TRUE,162599.51,FALSE
15811490,French,627,France,Male,33,5,0,2,TRUE,TRUE,103737.82,FALSE
15803976,Efremov,694,France,Female,31,10,0,2,TRUE,FALSE,160990.27,FALSE
15682541,Hartley,616,Spain,Female,36,6,132311.71,1,FALSE,FALSE,15462.84,FALSE
15695699,Calabrese,687,France,Male,35,8,0,2,TRUE,FALSE,10334.05,FALSE
15624188,Chiu,712,France,Female,33,6,0,2,TRUE,TRUE,190686.16,FALSE
15812191,Brennan,553,France,Male,33,4,118082.89,1,FALSE,FALSE,94440.45,FALSE
15636673,Onwuatuegwu,667,France,Male,31,1,119266.69,1,TRUE,TRUE,28257.63,FALSE
15594898,Hewitt,731,France,Male,43,2,0,1,TRUE,TRUE,170034.95,TRUE
15660211,Shih,629,Germany,Male,35,7,156847.29,2,TRUE,FALSE,31824.29,FALSE
15773972,Balashov,614,France,Male,50,4,137104.47,1,TRUE,FALSE,127166.49,TRUE
15746726,Doyle,438,Germany,Male,31,8,78398.69,1,TRUE,FALSE,44937.01,FALSE
15712287,Pokrovskii,652,France,Female,80,4,0,2,TRUE,TRUE,188603.07,FALSE
15702919,Collins,729,Germany,Male,30,6,63669.42,1,TRUE,FALSE,145111.37,FALSE
15674398,Russo,642,France,Male,38,3,0,2,FALSE,FALSE,171463.83,FALSE
15797960,Skinner,806,Germany,Female,59,0,135296.33,1,TRUE,FALSE,182822.5,FALSE
15631868,Robertson,744,Spain,Male,36,2,153804.44,1,TRUE,TRUE,87213.33,FALSE
15581539,Atkinson,474,Spain,Male,37,3,0,2,FALSE,FALSE,57175.32,FALSE
15662736,Doyle,559,France,Male,49,2,147069.78,1,TRUE,FALSE,120540.83,TRUE
15666252,Ritchie,706,Spain,Male,42,9,0,2,TRUE,TRUE,28714.34,FALSE
15677512,McEncroe,628,Spain,Female,22,3,0,1,TRUE,FALSE,85426.28,FALSE
15626114,Pearson,429,France,Male,24,4,95741.75,1,TRUE,FALSE,46170.75,FALSE
15810834,Gordon,525,Spain,Female,57,2,145965.33,1,TRUE,TRUE,64448.36,FALSE
15678910,Ts'ai,680,France,Female,30,8,141441.75,1,TRUE,TRUE,16278.97,FALSE
15694408,Lung,749,France,Male,40,1,139290.41,1,TRUE,FALSE,182855.42,TRUE
15585215,Yuan,763,France,Female,31,4,0,2,FALSE,FALSE,50404.72,FALSE
15682757,Pardey,734,France,Male,30,3,0,2,TRUE,FALSE,107640.25,FALSE
15736601,Tai,716,France,Male,35,4,144428.87,1,TRUE,FALSE,134132.65,FALSE
15601848,Scott,594,France,Male,35,2,0,2,TRUE,FALSE,103480.69,FALSE
15736008,Hunter,644,France,Female,46,9,95441.27,1,TRUE,FALSE,108761.05,TRUE
15669064,Mazzanti,671,Germany,Male,35,1,144848.74,1,TRUE,TRUE,179012.3,FALSE
15624528,L?,664,Germany,Male,26,7,116244.14,2,TRUE,TRUE,95145.14,FALSE
15598493,Beach,656,France,Male,50,7,0,2,FALSE,TRUE,72143.44,FALSE
15601274,Hsieh,667,Spain,Female,40,1,146502.07,1,TRUE,FALSE,19162.89,FALSE
15702669,Faulkner,663,Germany,Male,44,2,117028.6,2,FALSE,TRUE,144680.18,FALSE
15728669,Knowles,584,Germany,Female,30,8,112013.81,1,TRUE,FALSE,177772.03,TRUE
15742668,Day,626,Spain,Female,37,6,108269.37,1,TRUE,FALSE,5597.94,FALSE
15697441,Hsueh,485,France,Male,29,7,182123.79,1,TRUE,FALSE,116828.51,TRUE
15740476,Tsao,659,Germany,Female,32,3,150923.74,2,FALSE,TRUE,174652.51,FALSE
15648064,Kennedy,649,France,Male,33,2,0,2,TRUE,FALSE,2010.98,FALSE
15636624,Nwabugwu,805,Spain,Female,39,5,165272.13,1,TRUE,FALSE,14109.85,TRUE
15807923,Young,716,Germany,Female,39,10,115301.31,1,TRUE,FALSE,43527.4,TRUE
15745844,Kerr,642,Germany,Female,40,6,129502.49,2,FALSE,TRUE,86099.23,TRUE
15786170,Tien,659,France,Male,31,4,118342.26,1,FALSE,FALSE,161574.19,FALSE
15681081,Marrero,545,Spain,Female,47,5,0,2,TRUE,TRUE,38970.14,FALSE
15684484,White,543,France,Male,22,8,0,2,FALSE,FALSE,127587.22,FALSE
15785869,Pisano,718,France,Female,25,7,0,2,TRUE,FALSE,30380.12,FALSE
15763859,Brown,840,France,Female,43,7,0,2,TRUE,FALSE,90908.95,FALSE
15658935,Freeman,630,Germany,Female,34,9,106937.05,2,TRUE,FALSE,138275.01,FALSE
15747358,Russell,643,Germany,Male,59,3,170331.37,1,TRUE,TRUE,32171.79,FALSE
15735203,Seleznyov,654,Germany,Female,32,1,114510.85,1,TRUE,TRUE,126143.23,FALSE
15576256,Yusupova,582,France,Male,39,5,0,2,TRUE,TRUE,129892.93,FALSE
15659420,Foley,659,Spain,Male,32,3,107594.11,2,TRUE,TRUE,102416.84,FALSE
15593365,Shih,762,Spain,Male,39,2,81273.13,1,TRUE,TRUE,18719.67,FALSE
15777352,Ikedinachukwu,568,Spain,Female,32,7,169399.6,1,TRUE,FALSE,61936.22,FALSE
15812007,Power,670,Spain,Male,25,6,0,2,TRUE,TRUE,78358.94,FALSE
15625461,Amos,613,France,Female,45,1,187841.99,2,TRUE,TRUE,147224.27,FALSE
15739438,Reed,539,France,Male,30,0,0,2,TRUE,FALSE,160979.66,FALSE
15611759,Simmons,850,Spain,Female,57,8,126776.3,2,TRUE,TRUE,132298.49,FALSE
15661629,Ricci,522,Spain,Male,34,9,126436.29,1,TRUE,FALSE,174248.52,TRUE
15633950,Yen,737,France,Male,41,1,101960.74,1,TRUE,TRUE,123547.28,FALSE
15592386,Campbell,520,France,Male,58,3,0,2,FALSE,TRUE,32790.02,FALSE
15803716,West,706,Spain,Male,28,3,0,2,FALSE,TRUE,181543.67,FALSE
15696674,Robinson,643,Germany,Female,45,2,150842.93,1,FALSE,TRUE,2319.96,TRUE
15706365,Bianchi,648,France,Female,50,9,102535.57,1,TRUE,TRUE,189543.19,FALSE
15745088,Chen,443,Germany,Female,29,9,99027.61,2,TRUE,FALSE,10940.4,FALSE
15676715,Madukaego,640,France,Male,68,9,0,2,TRUE,TRUE,199493.38,FALSE
15613085,Ibrahimova,628,Spain,Female,33,3,0,1,TRUE,TRUE,188193.25,FALSE
15633537,Nolan,540,Germany,Female,42,9,87271.41,2,TRUE,FALSE,172572.64,FALSE
15594720,Scott,460,Germany,Female,35,8,102742.91,2,TRUE,TRUE,189339.6,FALSE
15684042,Blair,636,Germany,Male,34,2,40105.51,2,FALSE,TRUE,53512.16,FALSE
15583303,Monaldo,593,France,Female,29,2,152265.43,1,TRUE,FALSE,34004.44,FALSE
15611579,Sutherland,801,Spain,Male,42,4,141947.67,1,TRUE,TRUE,10598.29,FALSE
15774696,Cole,640,Germany,Female,75,1,106307.91,2,FALSE,TRUE,113428.77,FALSE
15694506,Briggs,611,Germany,Male,31,0,107884.81,2,TRUE,TRUE,183487.98,FALSE
15688074,Gregory,802,Germany,Male,31,1,125013.72,1,TRUE,TRUE,187658.09,FALSE
15759537,Bianchi,717,Germany,Male,35,7,58469.37,2,TRUE,TRUE,172459.39,FALSE
15758449,Angelo,769,France,Female,39,8,0,1,FALSE,TRUE,21016,FALSE
15583456,Gardiner,745,Germany,Male,45,10,117231.63,3,TRUE,TRUE,122381.02,TRUE
15667871,Kerr,572,Spain,Male,35,4,152390.26,1,TRUE,FALSE,128123.66,FALSE
15677371,Ko,629,Spain,Female,30,2,34013.63,1,TRUE,FALSE,19570.63,FALSE
15629677,Distefano,687,Spain,Female,39,2,0,3,FALSE,FALSE,188150.6,TRUE
15713578,Farrell,483,France,Female,50,9,0,2,TRUE,TRUE,111020.24,FALSE
15591509,Milano,690,France,Male,36,7,101583.11,2,TRUE,FALSE,123775.15,FALSE
15568240,Ting,492,Germany,Female,30,10,77168.87,2,FALSE,TRUE,146700.22,FALSE
15622993,Boyd,709,Germany,Male,28,8,124695.72,2,TRUE,FALSE,145251.35,FALSE
15689294,Onyemaechi,705,Germany,Male,44,3,105934.96,1,TRUE,FALSE,82463.69,FALSE
15720910,Black,560,France,Female,66,9,0,1,TRUE,TRUE,15928.49,FALSE
15721181,Oliver,611,Spain,Male,46,6,0,2,TRUE,FALSE,45886.33,FALSE
15776433,Greco,730,Spain,Male,62,2,0,2,TRUE,TRUE,186489.95,FALSE
15748936,Whitehead,709,Spain,Female,45,2,0,2,FALSE,TRUE,162922.65,FALSE
15717225,Ikemefuna,544,France,Female,21,10,161525.96,2,TRUE,FALSE,9262.77,FALSE
15685226,Morrison,712,Germany,Female,29,7,147199.07,1,TRUE,TRUE,84932.4,FALSE
15785611,Onyeoruru,752,Germany,Male,38,3,183102.29,1,TRUE,TRUE,71557.12,FALSE
15573456,Cunningham,648,Spain,Male,46,9,127209,2,TRUE,FALSE,77405.95,TRUE
15684548,Demidov,556,Spain,Male,38,8,0,2,FALSE,FALSE,417.41,TRUE
15620505,Celis,594,Spain,Female,24,0,97378.54,1,TRUE,TRUE,71405.17,FALSE
15807432,Cheng,645,Germany,Female,37,2,136925.09,2,FALSE,TRUE,153400.24,FALSE
15584766,Knight,557,France,Male,33,3,54503.55,1,TRUE,TRUE,371.05,FALSE
15612187,Morin,547,Germany,Male,32,8,155726.85,1,TRUE,FALSE,67789.99,FALSE
15762218,Mills,701,France,Female,39,9,0,2,FALSE,TRUE,145894.9,FALSE
15646372,Outhwaite,616,France,Female,66,1,135842.41,1,TRUE,FALSE,183840.51,TRUE
15690452,Tung,605,France,Male,52,1,63349.75,1,TRUE,FALSE,108887.44,FALSE
15747795,Pai,593,Germany,Female,38,4,129499.42,1,TRUE,TRUE,154071.27,FALSE
15781589,Carpenter,751,Spain,Male,52,8,0,2,FALSE,TRUE,179291.85,FALSE
15732674,Fennell,443,Spain,Male,36,6,70438.01,2,FALSE,TRUE,56937.43,FALSE
15642291,Fontaine,685,France,Male,23,8,0,2,TRUE,TRUE,112239.03,FALSE
15692761,Pratt,718,France,Male,36,9,0,1,TRUE,FALSE,45909.87,FALSE
15578045,Mitchell,538,Spain,Female,49,9,141434.04,1,FALSE,FALSE,173779.25,TRUE
15745354,Franklin,611,Spain,Female,37,4,0,2,TRUE,FALSE,125696.26,FALSE
15701376,K'ung,668,Germany,Male,37,10,152958.29,2,TRUE,TRUE,159585.61,FALSE
15691625,Ko,537,Germany,Female,41,3,138306.34,1,TRUE,FALSE,106761.47,FALSE
15566594,McKenzie,709,Spain,Male,23,10,0,2,FALSE,FALSE,129590.18,FALSE
15760431,Pino,850,France,Male,38,1,0,2,TRUE,TRUE,80006.65,FALSE
15686302,Fisk,745,Spain,Female,31,3,124328.84,1,TRUE,TRUE,140451.52,FALSE
15801559,Chiang,693,Germany,Female,41,9,181461.48,3,TRUE,TRUE,187929.43,TRUE
15810432,Moseley,795,Spain,Male,35,8,0,2,TRUE,FALSE,167155.36,FALSE
15809616,Hsiung,626,Spain,Male,26,8,0,2,FALSE,FALSE,191420.71,FALSE
15720559,Heath,487,Germany,Female,61,5,110368.03,1,FALSE,FALSE,11384.45,TRUE
15695632,Dellucci,556,France,Female,39,9,89588.35,1,TRUE,TRUE,94898.1,FALSE
15659843,Li,643,France,Female,46,6,0,2,FALSE,FALSE,106781.59,FALSE
15615624,De Salis,605,France,Female,28,6,0,2,FALSE,FALSE,159508.52,FALSE
15810418,T'ang,756,Germany,Female,60,3,115924.89,1,TRUE,FALSE,93524.19,TRUE
15716186,Richardson,586,France,Female,38,2,0,2,TRUE,FALSE,87168.46,FALSE
15674551,Fitch,535,Germany,Male,40,7,111756.5,1,TRUE,FALSE,8128.32,TRUE
15622834,Stevenson,678,France,Female,35,4,0,1,TRUE,FALSE,125518.32,FALSE
15566111,Estes,596,France,Male,39,9,0,1,TRUE,FALSE,48963.59,FALSE
15784597,Lattimore,648,France,Male,26,9,162923.85,1,TRUE,FALSE,98368.24,FALSE
15652883,Chung,492,Germany,Male,39,10,124576.65,2,TRUE,FALSE,148584.61,FALSE
15806964,Utz,702,France,Male,45,0,80793.58,1,TRUE,TRUE,27474.81,FALSE
15576313,Wei,486,Germany,Female,40,9,71340.09,1,TRUE,FALSE,76192.21,FALSE
15806467,Boyle,568,Germany,Male,40,1,99282.63,1,FALSE,FALSE,134600.94,TRUE
15597602,Nwachinemelu,619,Germany,Male,57,3,137946.39,1,TRUE,TRUE,72467.99,TRUE
15743040,Kuznetsova,724,Germany,Male,41,2,127892.57,2,FALSE,TRUE,199645.45,FALSE
15705521,Pisani,548,Germany,Female,33,0,101084.36,1,TRUE,FALSE,42749.85,FALSE
15595039,Manna,545,Germany,Female,37,8,114754.08,1,TRUE,FALSE,136050.44,TRUE
15799384,Collier,683,France,Male,33,8,0,1,FALSE,FALSE,73564.44,FALSE
15581197,Ricci,762,France,Female,51,3,99286.98,1,FALSE,TRUE,85578.63,FALSE
15693737,Carr,627,Germany,Female,30,4,79871.02,2,TRUE,FALSE,129826.89,FALSE
15624623,Hs?,516,France,Male,35,10,104088.59,2,FALSE,FALSE,119666,FALSE
15783501,Findlay,800,France,Female,38,2,168190.33,2,TRUE,FALSE,68052.08,FALSE
15690134,Hughes,464,Germany,Female,42,3,85679.25,1,TRUE,TRUE,164104.74,FALSE
15782735,Chukwuemeka,626,France,Female,35,3,0,1,FALSE,FALSE,80190.36,FALSE
15611088,Genovese,790,France,Female,31,9,0,2,TRUE,FALSE,84126.75,FALSE
15672145,Swift,534,France,Female,34,7,121551.58,2,TRUE,TRUE,70179,FALSE
15732628,Ugoji,745,France,Male,46,2,122220.19,1,TRUE,TRUE,118024.1,FALSE
15787470,Parkinson,553,Spain,Male,47,3,116528.15,1,FALSE,FALSE,145704.19,TRUE
15803406,Ross,748,France,Female,26,1,77780.29,1,FALSE,TRUE,183049.41,FALSE
15730460,Oleary,722,France,Male,37,2,0,1,FALSE,FALSE,120906.83,FALSE
15644572,Turnbull,501,France,Male,40,4,125832.2,1,TRUE,TRUE,100433.83,FALSE
15694860,Uspensky,675,France,Female,38,6,68065.8,1,FALSE,FALSE,138777,TRUE
15658169,Cook,778,Spain,Female,47,6,127299.34,2,TRUE,FALSE,124694.99,FALSE
15794396,Newbold,494,Germany,Female,38,7,174937.64,1,TRUE,FALSE,40084.32,FALSE
15785798,Uchechukwu,850,France,Male,40,9,0,2,FALSE,TRUE,119232.33,FALSE
15710825,Ch'en,592,Spain,Male,31,7,110071.1,1,FALSE,FALSE,43921.36,FALSE
15668444,He,590,Spain,Female,44,3,139432.37,1,TRUE,FALSE,62222.81,FALSE
15726631,Hilton,758,France,Female,39,6,127357.76,1,FALSE,TRUE,56577,FALSE
15733797,Sal,506,France,Male,36,5,0,2,TRUE,FALSE,164253.35,FALSE
15747960,Eluemuno,733,France,Male,33,3,0,1,TRUE,TRUE,7666.73,FALSE
15634632,Titus,711,France,Male,38,3,0,2,TRUE,FALSE,68487.51,FALSE
15707362,Yin,514,Germany,Male,43,1,95556.31,1,FALSE,TRUE,199273.98,TRUE
15662976,Lettiere,637,Spain,Male,37,8,0,1,TRUE,TRUE,186062.36,FALSE
15732778,Templeman,468,Germany,Male,29,1,111681.98,2,TRUE,TRUE,195711.16,FALSE
15718443,Chibuzo,539,France,Male,39,3,0,2,TRUE,FALSE,36692.17,FALSE
15670039,Sun,509,Spain,Female,25,3,108738.71,2,TRUE,FALSE,106920.57,FALSE
15773792,Evans,662,France,Female,32,4,133950.37,1,TRUE,TRUE,48725.68,TRUE
15613786,Ogbonnaya,818,Spain,Male,26,4,0,2,TRUE,TRUE,167036.94,FALSE
15726032,Enyinnaya,608,France,Male,33,9,89968.69,1,TRUE,FALSE,68777.26,FALSE
15663252,Olisanugo,850,Spain,Female,32,9,0,2,TRUE,TRUE,18924.92,FALSE
15593782,Brookes,816,Germany,Female,38,5,130878.75,3,TRUE,FALSE,71905.77,TRUE
15633283,Padovano,536,France,Male,35,8,0,2,TRUE,FALSE,64833.28,FALSE
15749167,Fisk,753,France,Male,35,3,0,2,TRUE,TRUE,184843.77,FALSE
15759298,Shih,631,Spain,Male,27,10,134169.62,1,TRUE,TRUE,176730.02,FALSE
15683625,Hare,703,France,Male,37,1,149762.08,1,TRUE,FALSE,20629.4,TRUE
15635367,Muir,774,France,Male,26,2,93844.69,1,TRUE,FALSE,28415.36,FALSE
15681705,Fanucci,785,France,Male,28,8,0,2,TRUE,FALSE,77231.27,FALSE
15603156,Elewechi,571,France,Female,33,1,0,2,TRUE,FALSE,102750.7,FALSE
15591986,Johnston,621,Germany,Male,46,6,141078.37,1,FALSE,FALSE,34580.8,TRUE
15798888,Pisano,605,Germany,Female,31,1,117992.59,1,TRUE,TRUE,183598.77,FALSE
15809722,Ankudinov,611,France,Female,40,8,100812.33,2,TRUE,FALSE,147358.27,FALSE
15677538,Nwokike,569,France,Male,38,7,0,1,TRUE,TRUE,108469.2,FALSE
15797736,Smith,658,France,Male,29,4,80262.6,1,TRUE,TRUE,20612.82,FALSE
15695585,Atkins,788,Spain,Male,34,6,156478.62,1,FALSE,TRUE,181196.76,FALSE
15744398,Burns,525,France,Female,23,5,0,2,TRUE,FALSE,160249.1,FALSE
15750658,Obiuto,798,France,Male,37,8,0,3,FALSE,FALSE,110783.28,FALSE
15578186,Pirozzi,486,Germany,Male,37,9,115217.99,2,TRUE,FALSE,144995.33,FALSE
15676519,George,615,Spain,Male,61,9,0,2,TRUE,FALSE,150227.85,TRUE
15637954,Lewis,730,France,Female,35,0,155470.55,1,TRUE,TRUE,53718.28,FALSE
15758639,Moran,641,France,Male,37,7,0,2,TRUE,FALSE,75248.3,FALSE
15613772,Dalrymple,542,France,Male,39,3,135096.77,1,TRUE,TRUE,14353.43,TRUE
15731744,Carslaw,692,France,Male,30,2,0,2,FALSE,TRUE,130486.57,FALSE
15807709,Kirby,714,Germany,Female,55,9,180075.22,1,TRUE,TRUE,100127.71,FALSE
15714689,Houghton,591,Spain,Male,29,1,97541.24,1,TRUE,TRUE,196356.17,FALSE
15699005,Martin,710,France,Female,41,2,156067.05,1,TRUE,TRUE,9983.88,FALSE
15624170,Tan,639,France,Female,38,4,81550.94,2,FALSE,TRUE,118974.77,FALSE
15725679,Hsia,531,France,Female,47,6,0,1,FALSE,FALSE,194998.34,TRUE
15585865,Westerberg,673,France,Female,38,2,170061.92,2,FALSE,FALSE,134901.34,TRUE
15804256,Hale,765,Germany,Male,36,8,92310.54,2,TRUE,TRUE,72924.56,FALSE
15662403,Kryukova,622,France,Female,32,6,169089.38,2,TRUE,FALSE,101057.95,FALSE
15733616,Sopuluchukwu,806,France,Male,40,5,80613.93,1,TRUE,TRUE,142838.64,FALSE
15591995,Barry,757,Germany,Male,26,8,121581.56,2,TRUE,TRUE,127059.04,FALSE
15677020,Selezneva,570,France,Female,58,8,0,1,FALSE,TRUE,116503.92,TRUE
15727688,Chizuoke,555,Spain,Male,32,4,0,2,TRUE,TRUE,54405.79,FALSE
15715941,Lueck,692,France,Male,54,5,0,2,TRUE,TRUE,88721.84,FALSE
15714485,Udinese,774,France,Male,60,5,85891.55,1,TRUE,FALSE,74135.48,TRUE
15730059,Udobata,638,Spain,Male,44,9,77637.35,2,TRUE,TRUE,111346.22,FALSE
15715527,Freeman,543,Spain,Female,41,4,0,1,FALSE,FALSE,194902.16,FALSE
15576623,Outlaw,584,France,Male,31,5,0,2,TRUE,FALSE,31474.27,FALSE
15805565,Obiuto,691,Germany,Male,30,7,116927.89,1,TRUE,FALSE,21198.39,FALSE
15677307,Lo,684,Germany,Female,40,6,137326.65,1,TRUE,FALSE,186976.6,FALSE
15773890,Okechukwu,733,France,Male,22,5,0,2,TRUE,TRUE,117202.19,FALSE
15598883,King,599,Spain,Female,37,2,0,2,TRUE,TRUE,143739.29,FALSE
15568506,Forbes,524,Germany,Female,31,10,67238.98,2,TRUE,TRUE,161811.23,FALSE
15761043,Macleod,632,Germany,Female,38,6,86569.76,2,TRUE,FALSE,98090.91,FALSE
15782236,Gibbs,735,Spain,Male,34,5,0,2,FALSE,FALSE,71095.41,FALSE
15593601,Isayev,734,France,Male,34,6,133598.4,1,TRUE,TRUE,13107.24,FALSE
15682048,Pisano,605,France,Female,51,3,136188.78,1,TRUE,TRUE,67110.59,TRUE
15746902,Belstead,793,Spain,Male,38,9,0,2,TRUE,FALSE,88225.02,FALSE
15752081,Vassiliev,468,France,Female,56,10,0,3,FALSE,TRUE,62256.87,TRUE
15781307,Schneider,779,Germany,Male,37,7,120092.52,2,TRUE,FALSE,135925.72,FALSE
15775912,Mazzanti,698,France,Male,48,4,101238.24,2,FALSE,TRUE,177815.87,TRUE
15745417,Knipe,707,France,Male,58,6,89685.92,1,FALSE,TRUE,126471.13,FALSE
15671256,Macartney,850,France,Female,35,1,211774.31,1,TRUE,FALSE,188574.12,TRUE
15653547,Madukwe,850,France,Male,56,7,131317.48,1,TRUE,TRUE,119175.45,FALSE
15595766,Watts,527,Spain,Male,37,5,93722.73,2,TRUE,TRUE,139093.73,FALSE
15742358,Humphreys,696,Germany,Male,32,8,101160.99,1,TRUE,TRUE,115916.55,FALSE
15763274,Wu,661,France,Male,48,3,120320.54,1,FALSE,FALSE,96463.25,FALSE
15786063,Chin,776,France,Female,31,2,0,2,TRUE,TRUE,112349.51,FALSE
15600258,Chesnokova,701,France,Male,43,2,0,2,TRUE,TRUE,165303.79,FALSE
15573318,Kung,610,France,Male,26,8,0,2,TRUE,FALSE,166031.08,FALSE
15653849,Lu,572,Germany,Female,48,3,152827.99,1,TRUE,FALSE,38411.79,TRUE
15694272,Nkemakolam,673,France,Male,30,1,64097.75,1,TRUE,TRUE,77783.35,FALSE
15736112,Walton,519,Spain,Female,57,2,119035.35,2,TRUE,TRUE,29871.79,FALSE
15749851,Brookes,702,Spain,Female,26,4,135219.57,1,FALSE,TRUE,59747.63,FALSE
15663478,Baldwin,729,France,Male,32,6,93694.42,1,TRUE,TRUE,79919.13,FALSE
15592300,Mai,543,Spain,Male,35,10,59408.63,1,TRUE,FALSE,76773.53,FALSE
15567832,Shih,550,France,Female,40,7,114354.95,1,TRUE,FALSE,54018.93,FALSE
15776780,He,608,France,Male,59,1,0,1,TRUE,FALSE,70649.64,TRUE
15592846,Fiorentini,639,Germany,Male,35,10,128173.9,2,TRUE,FALSE,59093.39,FALSE
15739803,Lucciano,686,Spain,Male,34,9,0,2,TRUE,FALSE,127569.8,FALSE
15794142,Ferreira,564,Germany,Female,62,5,114931.35,3,FALSE,TRUE,18260.98,TRUE
15762729,Ukaegbunam,745,Germany,Female,28,1,111071.36,1,TRUE,FALSE,73275.96,TRUE
15667896,De Luca,833,France,Male,37,8,151226.18,2,TRUE,TRUE,136129.49,FALSE
15626578,Milne,622,France,Male,26,9,0,2,TRUE,TRUE,153237.59,FALSE
15776223,Davide,597,France,Female,42,4,64740.12,1,TRUE,TRUE,106841.12,FALSE
15705953,Kodilinyechukwu,721,Spain,Male,51,0,169312.13,1,TRUE,FALSE,109078.35,TRUE
15802593,Little,504,France,Female,49,7,0,3,FALSE,TRUE,87822.14,TRUE
15615457,Burns,842,Spain,Female,44,2,112652.08,2,TRUE,FALSE,126644.98,FALSE
15708916,Paterson,587,France,Male,38,0,0,2,TRUE,FALSE,47414.15,FALSE
15720187,Han,479,Germany,Female,30,7,143964.36,2,TRUE,FALSE,41879.99,FALSE
15595440,Kryukova,508,France,Male,49,7,122451.46,2,TRUE,TRUE,75808.1,FALSE
15600651,Ijendu,749,France,Male,24,1,0,3,TRUE,TRUE,47911.03,FALSE
15750141,Reichard,721,Germany,Female,36,3,65253.07,2,TRUE,FALSE,28737.78,FALSE
15657284,Day,674,Germany,Male,47,6,106901.94,1,TRUE,TRUE,2079.2,TRUE
15763063,Price,685,Spain,Female,25,10,128509.63,1,TRUE,FALSE,121562.33,FALSE
15709324,Bruce,417,France,Male,34,7,0,2,TRUE,FALSE,55003.79,FALSE
15711309,Sumrall,574,Germany,Male,33,3,129834.67,1,TRUE,FALSE,193131.42,FALSE
15775318,Lu,590,Spain,Female,51,3,154962.99,3,FALSE,TRUE,191932.27,TRUE
15705515,Lazarev,587,Germany,Male,40,5,138241.9,2,TRUE,FALSE,159418.1,FALSE
15634844,Miller,598,Germany,Male,41,3,91536.93,1,TRUE,FALSE,191468.78,TRUE
15717046,Wentworth-Shields,741,Spain,Male,53,3,0,2,TRUE,TRUE,38913.68,FALSE
15571816,Ritchie,850,Spain,Female,70,5,0,1,TRUE,TRUE,705.18,FALSE
15670080,Mackenzie,584,Germany,Female,29,7,105204.01,1,FALSE,TRUE,138490.03,FALSE
15800440,Power,650,Spain,Male,61,1,152968.73,1,FALSE,TRUE,82970.69,FALSE
15665678,Tan,607,Spain,Male,36,8,158261.68,1,TRUE,TRUE,76744.72,FALSE
15665956,Pendergrass,509,France,Female,46,1,0,1,TRUE,FALSE,71244.59,TRUE
15788126,Evans,689,Spain,Female,38,6,121021.05,1,TRUE,TRUE,12182.15,FALSE
15811773,Hsia,543,France,Male,36,4,0,2,TRUE,TRUE,141210.5,FALSE
15651674,Billson,438,Spain,Female,54,2,0,1,FALSE,FALSE,191763.07,TRUE
15689614,Teng,687,Spain,Female,63,1,137715.66,1,TRUE,TRUE,37938.74,FALSE
15795564,Moretti,737,Germany,Male,31,5,121192.22,2,TRUE,TRUE,74890.58,FALSE
15706647,Jordan,761,France,Male,31,7,0,3,TRUE,TRUE,166698.18,FALSE
15728505,Ts'ao,601,France,Male,44,1,100486.18,2,TRUE,TRUE,62678.53,FALSE
15730076,Osborne,651,France,Male,45,1,0,1,TRUE,FALSE,67740.08,TRUE
15622003,Carslaw,745,France,Male,35,9,92566.53,2,TRUE,FALSE,161519.77,FALSE
15607312,Ch'ang,648,Spain,Female,49,10,0,2,TRUE,TRUE,159835.78,TRUE
15644753,Hung,848,Spain,Male,40,3,110929.96,1,TRUE,TRUE,30876.84,FALSE
15653620,Gordon,546,France,Female,27,8,0,2,TRUE,TRUE,14858.1,FALSE
15761986,Obialo,439,Spain,Female,32,3,138901.61,1,TRUE,FALSE,75685.97,FALSE
15633922,Gray,755,France,Male,30,4,123217.66,2,FALSE,TRUE,144183.1,FALSE
15734674,Lin,593,France,Female,41,6,0,1,TRUE,FALSE,65170.66,FALSE
15658032,Hopkins,701,France,Male,39,2,0,2,TRUE,TRUE,82526.92,FALSE
15692671,Dobson,701,Spain,Male,36,8,0,2,TRUE,FALSE,169161.46,FALSE
15737741,McKay,607,Spain,Female,33,2,108431.87,2,FALSE,TRUE,109291.39,TRUE
15576352,Revell,586,Spain,Female,57,3,0,2,FALSE,TRUE,6057.81,FALSE
15753719,Rickards,547,Germany,Female,30,9,72392.41,1,TRUE,FALSE,77077.14,FALSE
15803689,Begum,647,Germany,Female,51,1,119741.77,2,FALSE,FALSE,54954.51,TRUE
15718057,Onyinyechukwuka,760,France,Female,51,2,100946.71,1,FALSE,FALSE,179614.8,TRUE
15722010,Zuyev,621,Spain,Male,53,9,170491.84,1,TRUE,FALSE,35588.07,TRUE
15680998,Nwankwo,725,France,Male,44,5,0,1,TRUE,TRUE,117356.14,FALSE
15614782,Hao,526,France,Male,36,1,0,1,TRUE,FALSE,160696.72,FALSE
15591047,Ma,519,Spain,Female,47,6,157296.02,2,FALSE,FALSE,147278.43,TRUE
15788291,Okwuadigbo,713,Germany,Female,38,7,144606.22,1,TRUE,TRUE,56594.36,TRUE
15604044,Mitchell,700,France,Male,38,8,134811.3,1,TRUE,FALSE,1299.75,FALSE
15679587,Chan,666,France,Female,34,9,115897.12,1,TRUE,TRUE,25095.03,FALSE
15775153,Buchi,630,Spain,Male,32,4,82034,1,FALSE,FALSE,146326.45,FALSE
15603925,Greco,779,Spain,Female,26,4,174318.13,2,FALSE,TRUE,38296.21,FALSE
15680970,Lombardi,611,Germany,Female,41,2,114206.84,1,TRUE,FALSE,164061.6,FALSE
15697183,Uchenna,685,Spain,Male,43,9,0,2,TRUE,FALSE,107811.28,FALSE
15567446,Coffman,646,Germany,Male,39,9,111574.41,1,TRUE,TRUE,30838.51,FALSE
15637476,Alexandrova,683,Germany,Female,57,5,162448.69,1,FALSE,FALSE,9221.78,TRUE
15714939,Fallaci,484,Germany,Female,34,4,148249.54,1,FALSE,TRUE,33738.27,FALSE
15683503,Hudson,601,France,Female,43,8,0,3,FALSE,TRUE,110916.15,TRUE
15645569,Mai,762,Spain,Female,26,7,123709.46,2,TRUE,TRUE,169654.57,FALSE
15782569,Stout,687,France,Female,72,9,0,1,FALSE,TRUE,69829.4,FALSE
15592387,Burke,566,France,Male,30,5,0,1,TRUE,FALSE,54926.51,TRUE
15609286,Chadwick,702,France,Male,37,10,150525.8,1,TRUE,TRUE,94728.49,FALSE
15814035,Lawrence,601,France,Male,29,9,0,1,TRUE,TRUE,80393.27,FALSE
15661249,Bellucci,699,France,Male,53,4,0,2,FALSE,TRUE,111307.98,FALSE
15629117,Harper,584,France,Male,28,10,0,2,TRUE,FALSE,19834.32,FALSE
15607170,Boyle,699,France,Male,35,5,0,2,TRUE,TRUE,78397.24,FALSE
15586585,Duncan,698,Germany,Female,51,2,111018.98,1,TRUE,FALSE,86410.28,FALSE
15686611,Moss,495,France,Male,30,10,129755.99,1,FALSE,FALSE,172749.65,FALSE
15603203,Avdeyeva,650,France,Female,27,6,0,2,TRUE,FALSE,1002.39,FALSE
15619857,Crawford,605,France,Female,64,2,129555.7,1,TRUE,TRUE,13601.79,FALSE
15805062,Lynton,667,Spain,Male,38,1,87202.38,1,TRUE,TRUE,77866.91,FALSE
15660271,Duncan,688,Germany,Male,26,8,146133.39,1,TRUE,TRUE,175296.76,FALSE
15745295,Gether,727,Spain,Female,31,0,0,1,TRUE,FALSE,121751.04,TRUE
15719352,Davidson,754,Spain,Male,39,6,170184.99,2,TRUE,FALSE,89593.26,FALSE
15766575,Larionova,612,Germany,Female,62,8,140745.33,1,TRUE,FALSE,193437.89,TRUE
15594594,Loggia,546,Spain,Male,42,7,139070.51,1,TRUE,TRUE,86945,FALSE
15646161,Steinhoff,673,Spain,Female,37,8,0,2,TRUE,TRUE,183318.79,FALSE
15682585,Guerra,593,France,Male,35,9,114193.24,1,TRUE,FALSE,71154.1,FALSE
15603134,Pai,656,Spain,Female,40,10,167878.5,1,FALSE,TRUE,151887.16,FALSE
15636444,Craig,535,Germany,Female,53,5,141616.55,2,TRUE,TRUE,75888.65,FALSE
15773456,Lazareva,678,Germany,Male,36,3,145747.67,2,FALSE,TRUE,89566.74,FALSE
15604119,Alderete,850,Spain,Male,35,7,110349.82,1,FALSE,FALSE,126355.8,FALSE
15626900,Kung,427,France,Male,29,1,141325.56,1,TRUE,TRUE,93839.3,FALSE
15605447,Palermo,752,France,Male,49,2,78653.84,1,TRUE,FALSE,7698.6,FALSE
15589030,Ts'ai,649,France,Male,47,1,0,2,TRUE,TRUE,145593.85,FALSE
15712403,McMillan,589,France,Female,61,1,0,1,TRUE,FALSE,61108.56,TRUE
15811762,Pickering,583,Germany,Female,54,6,115988.86,1,TRUE,FALSE,57553.98,TRUE
15724282,Tsao,540,Germany,Male,44,3,164113.04,2,TRUE,TRUE,12120.79,FALSE
15738181,Douglas,850,France,Male,31,6,67996.23,2,FALSE,FALSE,50129.87,TRUE
15583725,Mairinger,682,France,Male,48,1,138778.15,1,FALSE,TRUE,168840.23,FALSE
15588350,McIntyre,744,France,Female,43,10,147832.15,1,FALSE,TRUE,24234.11,FALSE
15798398,Pagnotto,785,France,Female,36,4,135438.4,1,FALSE,FALSE,190627.01,FALSE
15784844,K'ung,752,Spain,Male,48,5,116060.08,1,TRUE,FALSE,156618.38,TRUE
15580684,Feng,706,France,Female,29,5,112564.62,1,TRUE,FALSE,42334.38,FALSE
15809663,Donaldson,583,France,Female,27,1,125406.58,1,TRUE,TRUE,110784.42,FALSE
15640078,Chambers,660,Germany,Female,39,5,135134.99,1,TRUE,FALSE,173683,TRUE
15698786,Marcelo,819,France,Female,39,9,133102.92,1,TRUE,FALSE,27046.46,TRUE
15569807,Ejimofor,673,France,Female,34,8,42157.08,1,TRUE,FALSE,20598.59,TRUE
15730830,Dale,752,France,Female,30,3,0,2,TRUE,TRUE,104991.28,FALSE
15805112,Pokrovsky,578,France,Male,38,7,82259.29,1,TRUE,FALSE,8996.97,FALSE
15633064,Stonebraker,438,France,Female,36,4,0,2,TRUE,FALSE,64420.5,FALSE
15703119,Liang,652,France,Male,38,6,0,2,TRUE,TRUE,145700.22,FALSE
15730447,Anderson,629,France,Female,49,4,0,2,TRUE,TRUE,196335.48,FALSE
15813850,Christian,720,France,Male,52,7,0,1,TRUE,TRUE,14781.12,FALSE
15711889,Mao,668,France,Male,42,3,150461.07,1,TRUE,FALSE,108139.23,FALSE
15664610,Campbell,459,Germany,Male,48,4,133994.52,1,TRUE,TRUE,19287.06,TRUE
15751710,Ginikanwa,729,Spain,Male,31,8,164870.81,2,TRUE,TRUE,9567.39,FALSE
15692926,Toscani,498,Germany,Male,25,8,121702.73,1,TRUE,TRUE,132210.49,FALSE
15813741,Nnachetam,549,Spain,Male,25,6,193858.2,1,FALSE,TRUE,21600.11,FALSE
15698474,Sagese,601,Germany,Female,54,1,131039.97,2,TRUE,TRUE,199661.5,FALSE
15568595,Fleming,544,France,Male,64,9,113829.45,1,TRUE,TRUE,124341.49,FALSE
15603065,Grubb,751,France,Female,30,6,0,2,TRUE,FALSE,15766.1,FALSE
15592937,Napolitani,632,Germany,Female,41,3,81877.38,1,TRUE,TRUE,33642.21,FALSE
15699637,Anenechi,694,Spain,Male,57,8,116326.07,1,TRUE,TRUE,117704.65,FALSE
15667215,Chandler,678,France,Male,31,2,0,2,TRUE,TRUE,58803.28,FALSE
15788659,Howells,695,France,Male,46,4,0,2,TRUE,TRUE,137537.22,FALSE
15763218,Akeroyd,661,France,Female,41,1,0,2,FALSE,TRUE,131300.68,FALSE
15645772,Onwumelu,661,France,Male,33,9,0,2,TRUE,TRUE,84174.81,FALSE
15725511,Wallace,559,France,Female,31,3,127070.73,1,FALSE,TRUE,160941.78,FALSE
15575024,Uwaezuoke,503,France,Male,29,3,0,2,TRUE,TRUE,143954.99,FALSE
15640825,Loyau,695,Spain,Male,46,3,122549.64,1,TRUE,TRUE,56297.85,FALSE
15662397,Small,640,France,Female,42,5,176099.13,1,TRUE,TRUE,8404.73,FALSE
15576368,Bledsoe,624,Germany,Female,48,3,122388.38,2,FALSE,FALSE,30020.09,FALSE
15674991,Kao,667,France,Male,42,9,0,2,FALSE,TRUE,58137.42,FALSE
15721024,Wickens,642,France,Male,26,0,0,1,FALSE,FALSE,47472.68,FALSE
15642394,He,529,Spain,Male,35,5,0,2,TRUE,TRUE,187288.5,FALSE
15754605,Jarvis,563,France,Female,39,5,0,2,TRUE,TRUE,17603.81,FALSE
15715142,Repina,739,Germany,Male,45,7,102703.62,1,FALSE,TRUE,147802.94,TRUE
15780804,Nucci,482,France,Male,55,5,97318.25,1,FALSE,TRUE,78416.14,FALSE
15613880,Higinbotham,591,Spain,Male,58,5,128468.69,1,FALSE,TRUE,137254.55,FALSE
15775238,Achebe,651,Germany,Female,41,4,133432.59,1,FALSE,TRUE,151303.48,FALSE
15786905,Russo,749,Germany,Female,40,8,141782.57,2,FALSE,FALSE,86333.63,FALSE
15747867,Trevisani,583,France,Male,24,9,135125.28,1,FALSE,FALSE,89801.9,FALSE
15600337,Dobie,661,Spain,Male,42,2,178820.91,1,FALSE,FALSE,29358.57,TRUE
15801277,Maccallum,715,France,Female,31,2,112212.14,2,TRUE,TRUE,181600.72,FALSE
15579334,Watkins,769,Germany,Female,45,5,126674.81,1,TRUE,FALSE,124118.71,TRUE
15802741,Mitchel,625,France,Female,51,7,136294.97,1,TRUE,FALSE,38867.46,TRUE
15720649,Ferdinand,641,France,Female,36,5,66392.64,1,TRUE,FALSE,31106.67,FALSE
15589493,Otitodilinna,716,Germany,Male,27,1,122552.34,2,TRUE,FALSE,67611.36,FALSE
15688251,Mamelu,767,France,Male,43,1,76408.85,2,TRUE,FALSE,77837.63,FALSE
15665238,Beneventi,745,Germany,Male,36,8,145071.24,1,FALSE,FALSE,6078.46,FALSE
15740900,Perrodin,589,France,Male,34,6,0,2,TRUE,TRUE,177896.92,FALSE
15681068,Chinagorom,796,France,Female,45,2,109730.22,1,TRUE,TRUE,123882.73,FALSE
15748625,Napolitano,664,France,Male,57,6,0,2,TRUE,TRUE,15304.08,FALSE
15727299,Edgar,445,Spain,Male,62,1,64119.38,1,TRUE,TRUE,76569.64,TRUE
15620204,Walker,543,Germany,Female,57,1,106138.33,2,TRUE,TRUE,120657.32,TRUE
15669516,Steele,746,Spain,Male,36,2,0,2,TRUE,TRUE,16436.56,FALSE
15736534,Elkins,742,Germany,Male,33,0,181656.51,1,TRUE,TRUE,107667.91,FALSE
15803457,Hao,750,France,Female,32,5,0,2,TRUE,FALSE,95611.47,FALSE
15659098,Toscano,669,France,Male,30,7,95128.86,1,FALSE,FALSE,19799.26,FALSE
15566292,Okwuadigbo,574,Spain,Male,36,1,0,2,FALSE,TRUE,71709.12,FALSE
15808621,Mordvinova,659,Germany,Male,36,2,76190.48,2,TRUE,TRUE,149066.14,FALSE
15580148,Welch,750,Germany,Male,40,5,168286.81,3,TRUE,FALSE,20451.99,TRUE
15776231,Kent,626,Germany,Male,35,4,88109.81,1,TRUE,TRUE,32825.5,FALSE
15773809,Campbell,620,France,Male,42,4,0,2,TRUE,FALSE,6232.31,FALSE
15649423,Cooper,580,France,Female,35,8,0,2,FALSE,TRUE,10357.03,FALSE
15734886,Mazzi,686,France,Female,34,3,123971.51,2,TRUE,FALSE,147794.63,FALSE
15722548,Fisher,540,France,Male,48,0,148116.48,1,FALSE,FALSE,116973.48,FALSE
15650288,Summers,634,Germany,Male,35,6,116269.01,1,TRUE,FALSE,129964.94,FALSE
15629448,Brady,632,Spain,Male,38,1,120599.21,1,TRUE,FALSE,92816.86,FALSE
15716164,Nicholls,501,France,Female,41,3,144260.5,1,TRUE,FALSE,172114.67,FALSE
15578977,Robinson,786,France,Male,34,9,0,2,TRUE,FALSE,144517.19,FALSE
15677369,Golubov,554,Germany,Female,37,4,58629.97,1,FALSE,FALSE,182038.6,FALSE
15804072,Chen,701,Spain,Female,42,5,0,2,FALSE,FALSE,24210.56,FALSE
15696859,Oldham,474,France,Male,45,10,0,2,FALSE,FALSE,172175.9,FALSE
15653780,Kambinachi,621,France,Female,43,5,0,1,TRUE,TRUE,47578.45,FALSE
15721658,Fleming,672,Spain,Female,56,2,209767.31,2,TRUE,TRUE,150694.42,TRUE
15578761,Cunningham,459,Spain,Female,42,6,129634.25,2,TRUE,TRUE,177683.02,TRUE
15736879,Obinna,669,France,Male,23,1,0,2,FALSE,FALSE,66088.83,FALSE
15571973,Chinwemma,776,France,Female,38,2,169824.46,1,TRUE,FALSE,169291.7,FALSE
15626742,Carpenter,694,France,Male,36,3,97530.25,1,TRUE,TRUE,117140.41,FALSE
15672692,Yin,787,France,Female,42,10,145988.65,2,TRUE,TRUE,79510.37,FALSE
15673570,Olsen,580,France,Male,37,9,0,2,FALSE,TRUE,77108.66,FALSE
15767432,Ts'ai,711,France,Female,25,7,0,3,TRUE,TRUE,9679.28,FALSE
15654238,Jen,673,France,Female,40,5,137494.28,1,TRUE,FALSE,81753.92,FALSE
15612525,Preston,499,France,Female,57,1,0,1,FALSE,FALSE,131372.38,TRUE
15812750,Ozioma,591,France,Male,24,6,147360,1,TRUE,TRUE,25310.82,FALSE
15790757,Cody,769,France,Female,25,10,0,2,FALSE,FALSE,187925.75,FALSE
15723873,Ponomarev,657,Spain,Male,31,3,125167.02,1,FALSE,FALSE,98820.39,FALSE
15744607,Martin,738,Germany,Male,43,9,121152.05,2,TRUE,FALSE,64166.7,TRUE
15612966,Milani,545,Germany,Female,60,7,128981.07,1,FALSE,TRUE,176924.21,TRUE
15784209,Tang,497,France,Male,47,6,0,1,TRUE,TRUE,90055.08,FALSE
15794278,Romani,816,Spain,Male,67,6,151858.98,1,TRUE,TRUE,72814.31,FALSE
15766741,McIntyre,525,France,Male,36,2,114628.4,1,FALSE,TRUE,168290.06,FALSE
15661036,Davis,725,France,Male,46,6,0,2,TRUE,FALSE,161767.38,FALSE
15705639,Onyemauchechukwu,692,France,Female,28,8,95059.02,2,TRUE,FALSE,44420.18,FALSE
15637414,Gell,618,France,Female,24,7,128736.39,1,FALSE,TRUE,37147.61,FALSE
15716835,Rossi,546,France,Male,24,8,156325.38,1,TRUE,TRUE,125381.02,FALSE
15696231,Chiwetelu,635,France,Male,29,7,105405.97,1,TRUE,TRUE,149853.89,FALSE
15641675,Kirillova,611,France,Female,49,2,88915.37,3,FALSE,FALSE,161435.02,TRUE
15670755,Shaw,650,France,Male,60,8,0,2,TRUE,TRUE,102925.76,FALSE
15640059,Smith,606,France,Male,40,5,0,2,TRUE,TRUE,70899.27,FALSE
15787619,Hsieh,844,France,Male,18,2,160980.03,1,FALSE,FALSE,145936.28,FALSE
15587535,Onyemauchechukwu,450,Spain,Female,46,5,177619.71,1,TRUE,FALSE,54227.06,FALSE
15813034,Martin,727,Spain,Male,38,2,62276.99,1,TRUE,TRUE,59280.79,FALSE
15698839,Okwudilichukwu,460,Germany,Male,46,4,127559.97,2,TRUE,TRUE,126952.5,FALSE
15790314,Onuoha,649,France,Male,41,0,0,2,FALSE,TRUE,130567.02,FALSE
15634245,Muecke,758,Germany,Female,47,9,95523.16,1,TRUE,FALSE,73294.48,FALSE
15677305,Hsieh,490,France,Female,35,7,107749.03,1,TRUE,TRUE,3937.37,FALSE
15661526,Anderson,815,Germany,Male,37,2,110777.26,2,TRUE,FALSE,2383.59,FALSE
15685997,Azubuike,838,Spain,Female,39,5,166733.92,2,TRUE,FALSE,14279.44,FALSE
15660101,Nnonso,803,France,Male,31,9,157120.86,2,TRUE,FALSE,141300.53,FALSE
15637979,Fuller,664,Germany,Female,36,2,127160.78,2,TRUE,FALSE,78140.75,FALSE
15815364,Ashley,736,Spain,Female,28,2,0,2,TRUE,TRUE,117431.1,FALSE
15647099,Ts'ui,633,France,Female,37,9,156091.97,1,TRUE,FALSE,72008.61,FALSE
15625944,Buccho,664,France,Male,58,5,98668.18,1,TRUE,TRUE,60887.58,FALSE
15583212,Chidozie,600,France,Female,43,5,134022.06,1,TRUE,FALSE,194764.83,FALSE
15582741,Maclean,693,France,Female,35,5,124151.09,1,TRUE,FALSE,88705.14,TRUE
15637876,Burns,663,Germany,Female,36,6,77253.5,1,FALSE,FALSE,35817.97,TRUE
15622750,Chu,742,Germany,Female,21,1,114292.48,1,TRUE,FALSE,31520.4,FALSE
15672056,Kenenna,710,Germany,Male,43,2,140080.32,3,TRUE,TRUE,157908.19,TRUE
15812351,Beluchi,710,Spain,Female,27,2,135277.96,1,TRUE,FALSE,142200.15,FALSE
15810864,Williamson,700,France,Female,82,2,0,2,FALSE,TRUE,182055.36,FALSE
15677921,Bobrov,720,Germany,Male,60,9,115920.62,2,FALSE,FALSE,157552.08,TRUE
15724296,Kerr,684,Spain,Male,41,2,119782.72,2,FALSE,FALSE,120284.67,FALSE
15685329,McKenzie,531,France,Female,63,1,114715.71,1,FALSE,TRUE,24506.95,TRUE
15584091,Pitts,742,Germany,Female,36,2,129748.54,2,FALSE,FALSE,47271.61,TRUE
15640442,Standish,717,France,Male,31,4,129722.57,1,FALSE,FALSE,41176.6,FALSE
15639314,Cartwright,589,France,Male,32,2,0,2,FALSE,TRUE,9468.64,FALSE
15685320,Johnstone,767,France,Male,36,3,139180.2,1,FALSE,FALSE,123880.19,FALSE
15789158,Nikitina,636,Germany,Male,49,6,113599.74,2,TRUE,FALSE,158887.09,TRUE
15752137,McElroy,648,France,Male,33,7,134944,1,TRUE,TRUE,117036.38,FALSE
15712551,Shen,622,Germany,Female,58,7,116922.25,1,TRUE,FALSE,120415.61,TRUE
15628936,Archer,692,Spain,Male,28,9,118945.09,1,FALSE,FALSE,16064.25,TRUE
15797227,Otutodilinna,754,France,Male,28,8,0,2,TRUE,TRUE,52615.62,FALSE
15769974,Shih,679,Spain,Female,35,8,119182.73,1,FALSE,FALSE,121210.09,FALSE
15737051,Denisov,639,France,Male,27,8,0,2,TRUE,FALSE,192247.35,FALSE
15585595,Owens,774,France,Female,28,1,71264.02,2,FALSE,TRUE,68759.57,FALSE
15654060,P'eng,517,France,Male,41,2,0,2,FALSE,TRUE,75937.47,FALSE
15745196,Verco,571,France,Female,35,8,0,2,FALSE,FALSE,84569.13,FALSE
15571221,Bergamaschi,747,Germany,Male,58,7,116313.57,1,TRUE,TRUE,190696.35,TRUE
15660155,Lorenzo,792,Spain,Male,36,5,92140.15,1,FALSE,TRUE,67468.67,FALSE
15605284,Outtrim,688,France,Male,26,1,0,2,TRUE,TRUE,104435.94,FALSE
15694366,Hou,714,Germany,Male,42,2,177640.09,1,FALSE,TRUE,47166.55,FALSE
15600739,Galkin,562,Spain,Female,35,0,0,2,TRUE,FALSE,119899.52,FALSE
15653253,Pagnotto,704,Spain,Male,48,8,167997.6,1,TRUE,TRUE,173498.45,FALSE
15763431,Echezonachukwu,698,France,Male,36,2,82275.35,2,TRUE,TRUE,93249.26,FALSE
15643696,Young,611,France,Male,49,3,0,2,TRUE,TRUE,142917.54,FALSE
15707473,Summers,850,Germany,Female,48,6,111962.99,1,TRUE,FALSE,111755.8,FALSE
15769504,Munro,743,Germany,Female,34,1,131736.88,1,TRUE,TRUE,108543.21,FALSE
15776807,Brennan,654,France,Male,29,1,0,1,TRUE,FALSE,180345.44,FALSE
15686870,Ball,761,Germany,Male,36,8,108239.11,2,FALSE,FALSE,99444.02,FALSE
15668747,Virgo,702,France,Female,46,9,98444.19,1,FALSE,TRUE,109563.28,FALSE
15766908,Trevisani,488,Germany,Male,32,3,114540.38,1,TRUE,FALSE,92568.07,FALSE
15570134,Padovano,683,France,Female,35,6,187530.66,2,TRUE,TRUE,37976.36,FALSE
15567367,Tao,601,Germany,Female,42,9,133636.16,1,FALSE,TRUE,103315.74,FALSE
15747542,Perez,605,France,Male,52,7,0,2,TRUE,TRUE,173952.5,FALSE
15762238,Fraser,671,Germany,Female,44,0,84745.03,2,FALSE,TRUE,34673.98,FALSE
15681554,Alley,614,Germany,Female,31,7,120599.38,2,TRUE,TRUE,46163.44,FALSE
15712825,Howells,511,Spain,Female,29,9,0,2,FALSE,TRUE,140676.98,FALSE
15640280,Cameron,850,France,Male,39,4,127771.35,2,FALSE,TRUE,151738.54,FALSE
15756026,Hooper,790,Spain,Female,46,9,0,1,FALSE,FALSE,14679.81,TRUE
15613319,Rice,793,France,Female,33,0,0,1,FALSE,FALSE,175544.02,FALSE
15798906,Cox,628,France,Male,69,5,0,2,TRUE,TRUE,181964.6,FALSE
15708917,Martin,598,Germany,Male,53,10,167772.96,1,TRUE,TRUE,136886.86,FALSE
15778463,Ikenna,657,France,Female,37,6,95845.6,1,TRUE,FALSE,122218.23,FALSE
15699430,Davide,618,France,Female,35,10,0,2,TRUE,FALSE,180439.75,FALSE
15649992,Alexander,681,Spain,Male,65,7,134714.7,2,FALSE,TRUE,190419.81,FALSE
15578980,Piazza,516,Spain,Female,33,3,0,2,TRUE,TRUE,58685.59,FALSE
15775306,Ni,421,Germany,Male,28,8,122384.22,3,TRUE,TRUE,89017.38,TRUE
15641655,Black,700,France,Female,26,2,0,2,FALSE,FALSE,50051.42,FALSE
15619708,Harker,745,France,Male,25,5,157993.15,2,TRUE,FALSE,146041.45,FALSE
15734565,Hughes,696,France,Male,29,8,0,2,TRUE,FALSE,191166.09,FALSE
15806438,Chiabuotu,580,Germany,Female,42,2,123331.36,1,FALSE,FALSE,103516.08,TRUE
15591969,Kuo,497,Spain,Male,27,9,75263.16,1,TRUE,TRUE,164825.04,FALSE
15747807,Gallagher,720,France,Female,43,6,137824.03,2,TRUE,FALSE,172557.77,FALSE
15596939,Calabresi,659,Germany,Male,36,4,132578.92,2,TRUE,FALSE,84320.94,FALSE
15716155,Shaw,841,France,Female,36,5,156021.31,1,FALSE,FALSE,122662.98,FALSE
15765311,Zhirov,642,Spain,Male,34,8,0,1,TRUE,FALSE,72085.1,FALSE
15757811,Lloyd,732,Spain,Female,69,9,137453.43,1,FALSE,TRUE,110932.24,TRUE
15603830,Palmer,600,Spain,Male,36,4,0,2,TRUE,FALSE,143635.36,FALSE
15660602,Ch'eng,464,Germany,Male,33,8,164284.72,2,TRUE,TRUE,3710.34,FALSE
15660535,Avent,680,France,Female,47,5,0,2,TRUE,TRUE,179843.33,FALSE
15666633,Huang,758,Spain,Male,56,1,0,2,TRUE,TRUE,10643.38,FALSE
15596914,Shaw,630,Germany,Female,31,2,112373.49,2,TRUE,TRUE,131167.98,FALSE
15639788,Yuan,577,France,Female,39,10,0,2,TRUE,FALSE,10553.31,FALSE
15695846,Hawkins,684,France,Female,34,6,0,2,TRUE,TRUE,130928.22,FALSE
15726234,Trentini,708,Spain,Female,41,5,0,1,FALSE,TRUE,157003.99,FALSE
15797964,Cameron,732,Germany,Female,29,1,154333.82,1,TRUE,TRUE,138527.56,FALSE
15625881,Koehler,634,Germany,Male,37,3,111432.77,2,TRUE,TRUE,167032.49,FALSE
15780628,Wu,633,France,Female,30,6,0,2,FALSE,FALSE,41642.29,FALSE
15575883,Manna,559,France,Male,34,2,137390.11,2,TRUE,FALSE,9677,FALSE
15585036,Okoli,694,Spain,Female,37,3,0,2,TRUE,TRUE,147012.22,FALSE
15589488,Ch'eng,686,Germany,Female,56,5,111642.08,1,TRUE,TRUE,80553.87,FALSE
15585888,Nwokezuike,553,Spain,Female,48,3,0,1,FALSE,TRUE,30730.95,TRUE
15727915,Artemiev,507,France,Male,36,4,83543.37,1,FALSE,FALSE,140134.43,FALSE
15707567,Esposito,732,Germany,Male,50,6,145338.76,1,FALSE,FALSE,91936.1,TRUE
15737792,Abbie,818,France,Female,31,1,186796.37,1,FALSE,FALSE,178252.63,FALSE
15599433,Fanucci,660,Germany,Male,35,8,58641.43,1,FALSE,TRUE,198674.08,FALSE
15672012,Jen,773,Spain,Female,41,5,0,1,TRUE,FALSE,28266.9,TRUE
15806983,Moss,640,France,Male,44,3,137148.68,1,TRUE,FALSE,92381.01,FALSE
15592222,Lo,505,France,Male,49,7,80001.23,1,FALSE,FALSE,135180.11,FALSE
15608968,Averyanov,714,Germany,Male,21,6,86402.52,2,FALSE,FALSE,27330.59,FALSE
15586959,Unaipon,468,France,Female,42,5,0,2,TRUE,FALSE,125305.34,FALSE
15646558,Clamp,611,Spain,Male,51,1,122874.74,1,TRUE,TRUE,149648.45,FALSE
15725811,Lim,705,France,Male,25,0,97544.29,1,FALSE,TRUE,59887.15,FALSE
15572265,Wu,646,Germany,Male,46,1,170826.55,2,TRUE,FALSE,45041.32,FALSE
15794048,Wan,667,Germany,Female,48,1,97133.92,2,FALSE,FALSE,113316.77,TRUE
15677610,Chambers,511,Germany,Female,41,8,153895.65,1,TRUE,TRUE,39087.42,FALSE
15745012,Pettit,653,France,Female,43,6,0,2,TRUE,TRUE,7330.59,FALSE
15601589,Baresi,675,France,Female,57,8,0,2,FALSE,TRUE,95463.29,FALSE
15686436,Newbery,523,Spain,Male,32,4,0,2,TRUE,FALSE,167848.02,FALSE
15693864,Iheanacho,567,Germany,Female,49,5,134956.02,1,TRUE,FALSE,93953.84,TRUE
15760550,Duncan,741,Spain,Male,39,7,143637.58,2,FALSE,TRUE,174227.66,FALSE
15686137,Barry,456,Spain,Male,32,9,147506.25,1,TRUE,TRUE,135399.21,FALSE
15809087,Landry,598,France,Male,64,1,0,2,TRUE,FALSE,195635.3,TRUE
15807663,McGregor,667,France,Male,43,8,190227.46,1,TRUE,FALSE,97508.04,TRUE
15809100,Nucci,548,France,Female,32,2,172448.77,1,TRUE,FALSE,188083.77,TRUE
15794916,Pirogov,725,France,Male,41,7,113980.21,1,TRUE,TRUE,116704.25,FALSE
15614215,Oguejiofor,717,France,Male,53,6,0,2,FALSE,TRUE,97614.87,FALSE
15805449,Ugochukwu,594,France,Male,38,4,0,2,FALSE,FALSE,186884.04,FALSE
15686983,Rohu,678,Germany,Female,25,10,76968.12,2,FALSE,TRUE,131501.72,FALSE
15808017,Cary,545,France,Male,38,1,88293.13,2,TRUE,TRUE,24302.95,FALSE
15756804,O'Loghlen,636,France,Female,48,1,170833.46,1,TRUE,FALSE,110510.28,TRUE
15646810,Quinn,603,Germany,Male,44,6,108122.39,2,TRUE,FALSE,108488.33,TRUE
15710424,Page,435,France,Male,36,4,0,1,TRUE,TRUE,197015.2,FALSE
15799422,Evans,535,France,Female,40,8,0,1,TRUE,TRUE,27689.77,FALSE
15692750,McGregor,629,Germany,Female,45,7,129818.39,3,TRUE,FALSE,9217.55,TRUE
15794549,Andrews,722,France,Female,35,2,163943.89,2,TRUE,TRUE,15068.18,FALSE
15803764,Stanley,561,France,Male,28,7,0,2,TRUE,FALSE,7797.01,FALSE
15674840,Chiazagomekpere,645,France,Female,38,5,101430.3,2,FALSE,TRUE,4400.32,FALSE
15653762,Chidiebele,501,France,Female,39,9,117301.66,1,FALSE,FALSE,182025.95,FALSE
15581229,Gregory,502,Germany,Female,32,1,173340.83,1,FALSE,TRUE,122763.95,FALSE
15800228,Bednall,652,Spain,Female,42,4,0,2,TRUE,TRUE,38152.01,FALSE
15656333,Jen,574,France,Female,33,3,134348.57,1,TRUE,FALSE,63163.99,FALSE
15697497,She,518,France,Female,45,9,105525.65,2,TRUE,TRUE,73418.29,FALSE
15585362,Simmons,749,France,Female,60,6,0,1,TRUE,FALSE,17978.68,TRUE
15571928,Fraser,679,France,Female,43,4,0,3,TRUE,FALSE,115136.51,TRUE
15785519,May,565,France,Male,36,6,106192.1,1,TRUE,FALSE,149575.59,FALSE
15743007,Seabrook,643,France,Female,45,4,45144.43,1,TRUE,FALSE,60917.24,TRUE
15777211,Herrera,515,France,Male,65,7,92113.61,1,TRUE,TRUE,142548.33,FALSE
15721935,Kincaid,521,France,Male,25,7,0,2,TRUE,TRUE,157878.67,FALSE
15591711,Sleeman,739,Spain,Male,38,0,128366.44,1,TRUE,FALSE,12796.43,FALSE
15625021,Hung,585,France,Male,42,2,0,2,TRUE,TRUE,18657.77,FALSE
15702968,Artemieva,733,Germany,Male,74,3,106545.53,1,TRUE,TRUE,134589.58,FALSE
15600462,Barwell,542,France,Female,43,8,145618.37,1,FALSE,TRUE,10350.74,FALSE
15768104,Wright,788,Spain,Male,37,8,141541.25,1,FALSE,FALSE,66013.27,FALSE
15780140,Bellucci,435,Germany,Male,32,2,57017.06,2,TRUE,TRUE,5907.11,FALSE
15585255,Moore,577,France,Male,42,9,0,1,TRUE,FALSE,74077.91,FALSE
15772781,Ball,703,France,Female,51,3,0,3,TRUE,TRUE,77294.56,TRUE
15669987,Sung,728,Germany,Female,35,8,125884.95,2,TRUE,FALSE,54359.02,TRUE
15697000,Mello,728,Germany,Male,32,5,61825.5,1,TRUE,TRUE,156124.93,FALSE
15733119,Mistry,718,France,Male,35,8,0,2,TRUE,FALSE,94820.85,FALSE
15782390,T'ien,621,France,Female,40,6,0,1,TRUE,FALSE,155155.25,FALSE
15654700,Fallaci,523,France,Female,40,2,102967.41,1,TRUE,FALSE,128702.1,TRUE
15632210,Hill,657,Germany,Male,25,2,171770.55,1,TRUE,FALSE,22745.5,FALSE
15642041,Burns,727,Germany,Male,40,1,93051.64,2,TRUE,FALSE,71865.31,TRUE
15709737,Hunter,643,France,Male,36,7,161064.64,2,FALSE,TRUE,84294.82,FALSE
15792388,Li,645,France,Female,48,7,90612.34,1,TRUE,TRUE,149139.13,FALSE
15786014,Ku,568,France,Male,28,5,145105.64,2,TRUE,FALSE,185489.11,FALSE
15794580,Ch'en,599,France,Male,58,4,0,1,FALSE,FALSE,176407.15,TRUE
15675964,Chukwukadibia,672,France,Female,45,9,0,1,TRUE,TRUE,92027.69,TRUE
15814275,Zikoranachidimma,685,France,Male,33,6,174912.72,1,TRUE,TRUE,43932.54,FALSE
15724848,Oluchukwu,516,France,Female,46,1,104947.72,1,TRUE,FALSE,115789.25,TRUE
15754713,Rivera,685,Spain,Male,31,10,135213.71,1,TRUE,TRUE,125777.28,FALSE
15693814,Niu,806,Spain,Male,25,7,0,2,TRUE,FALSE,18461.9,FALSE
15599660,Bennett,604,France,Male,36,6,116229.85,2,TRUE,TRUE,79633.38,FALSE
15746490,Wollstonecraft,648,Spain,Female,53,6,111201.41,1,TRUE,TRUE,121542.29,FALSE
15566091,Thomsen,545,Spain,Female,32,4,0,1,TRUE,FALSE,94739.2,FALSE
15655961,Palermo,756,Germany,Male,27,1,131899,1,TRUE,FALSE,93302.29,FALSE
15710404,Chinwendu,569,France,Male,35,10,124525.52,1,TRUE,TRUE,193793.78,FALSE
15775625,McKenzie,596,France,Male,47,6,0,1,TRUE,FALSE,74835.65,FALSE
15792328,James,475,France,Male,39,6,0,1,TRUE,TRUE,56999.9,TRUE
15719856,Lamb,646,France,Female,45,3,47134.75,1,TRUE,TRUE,57236.44,FALSE
15593773,Olejuru,784,Spain,Male,35,3,0,2,FALSE,FALSE,81483.64,FALSE
15733114,Hay,552,Spain,Male,45,9,0,2,TRUE,FALSE,26752.56,FALSE
15797748,Lu,729,France,Male,44,5,0,2,FALSE,TRUE,9200.54,FALSE
15743411,Chiawuotu,609,Spain,Male,61,1,0,1,TRUE,FALSE,22447.85,TRUE
15753337,Yeates,555,France,Male,51,5,0,3,TRUE,FALSE,189122.89,TRUE
15601026,Gallagher,572,Germany,Female,19,1,138657.08,1,TRUE,TRUE,16161.82,FALSE
15658485,Heath,785,France,Female,34,9,70302.48,1,TRUE,TRUE,68600.36,FALSE
15636731,Ts'ai,714,Germany,Female,36,1,101609.01,2,TRUE,TRUE,447.73,FALSE
15628303,Thurgood,738,Spain,Male,35,3,0,1,TRUE,TRUE,15650.73,FALSE
15633461,Pai,639,Germany,Male,38,5,130170.82,1,TRUE,TRUE,149599.62,FALSE
15677135,Lorenzo,520,Germany,Male,61,8,133802.29,2,TRUE,TRUE,90304.01,FALSE
15590876,Knupp,764,France,Female,24,7,106234.02,1,FALSE,FALSE,115676.38,FALSE
15790782,Baryshnikov,661,Spain,Male,39,6,132628.98,1,FALSE,FALSE,38812.67,FALSE
15700476,Azubuike,564,Germany,Male,41,9,103522.75,2,TRUE,TRUE,34338.21,FALSE
15634141,Shephard,708,Germany,Female,42,8,192390.52,2,TRUE,FALSE,823.36,FALSE
15737795,Scott,512,Spain,Male,36,1,0,1,FALSE,TRUE,135482.26,TRUE
15790299,Williamson,592,Spain,Male,37,9,0,3,TRUE,TRUE,10656.89,FALSE
15675316,Avdeeva,619,France,Female,38,3,0,2,FALSE,TRUE,116467.35,FALSE
15613630,Tang,775,France,Male,52,8,109922.61,1,TRUE,TRUE,96823.32,TRUE
15662100,Hsu,850,Germany,Female,44,5,128605.32,1,FALSE,TRUE,171096.2,FALSE
15668032,Buchanan,577,France,Female,37,4,0,1,TRUE,TRUE,79881.39,FALSE
15599289,Yeh,724,France,Female,37,10,68598.56,1,TRUE,FALSE,157862.82,FALSE
15754084,Palazzi,710,Spain,Male,35,1,106518.52,1,TRUE,TRUE,127951.81,FALSE
15676521,Y?an,696,France,Female,31,8,0,2,FALSE,FALSE,191074.11,FALSE
15804586,Lin,376,France,Female,46,6,0,1,TRUE,FALSE,157333.69,TRUE
15781465,Schofield,675,Germany,Female,29,8,121326.42,1,TRUE,FALSE,133457.52,FALSE
15729362,Lombardi,745,France,Male,36,8,67226.37,1,TRUE,FALSE,130789.6,FALSE
15709295,Wall,697,Spain,Female,25,5,82931.85,2,TRUE,TRUE,128373.88,FALSE
15745324,Milani,599,Spain,Female,39,4,0,1,TRUE,FALSE,194273.2,TRUE
15741336,Ejimofor,715,France,Female,38,5,118590.41,1,TRUE,TRUE,5684.17,TRUE
15783659,Blackburn,659,France,Male,67,4,145981.87,1,TRUE,TRUE,131043.2,FALSE
15620981,Wickham,684,France,Female,48,3,73309.38,1,FALSE,FALSE,21228.34,TRUE
15630328,Bird,635,France,Female,48,8,130796.33,2,TRUE,TRUE,43250.3,FALSE
15785899,Ch'en,789,Germany,Male,33,8,151607.56,1,TRUE,FALSE,4389.4,FALSE
15606149,Wood,571,Germany,Female,66,9,111577.01,1,FALSE,TRUE,189271.9,FALSE
15671139,Brizendine,694,Spain,Male,39,0,107042.74,1,TRUE,TRUE,102284.2,FALSE
15660429,Ch'in,665,Spain,Female,42,2,156371.61,2,FALSE,TRUE,156774.94,TRUE
15571002,Yusupov,706,France,Female,44,4,129605.99,1,FALSE,FALSE,69865.49,FALSE
15631681,Jibunoh,807,Spain,Female,43,0,0,2,FALSE,TRUE,85523.24,FALSE
15731522,Ts'ui,771,Spain,Female,67,8,0,2,TRUE,TRUE,51219.8,FALSE
15619529,Ndukaku,531,Spain,Male,27,8,132576.25,1,FALSE,FALSE,7222.92,FALSE
15628034,Wilder,629,France,Female,37,6,129101.3,1,TRUE,TRUE,23971.33,FALSE
15686164,Maclean,850,Germany,Female,31,1,108822.4,1,TRUE,TRUE,132173.31,FALSE
15582797,Ch'iu,685,Spain,Male,35,4,137948.51,1,TRUE,FALSE,113639.64,FALSE
15753831,Cox,642,Spain,Male,32,7,100433.8,1,TRUE,TRUE,39768.59,FALSE
15731815,Nepean,529,Spain,Male,63,4,96134.11,3,TRUE,FALSE,108732.96,TRUE
15580956,McNess,683,Germany,Female,43,4,115888.04,1,TRUE,TRUE,117349.19,TRUE
15602084,Coles,663,France,Female,42,5,124626.07,1,TRUE,TRUE,78004.5,FALSE
15589805,Benson,563,France,Female,34,6,139810.34,1,TRUE,TRUE,152417.79,FALSE
15720893,Gilbert,637,Spain,Female,34,9,0,2,FALSE,FALSE,26057.08,FALSE
15641009,Wilhelm,544,France,Male,37,3,84496.71,1,FALSE,FALSE,79972.09,FALSE
15605926,Sinclair,649,Germany,Male,70,9,116854.71,2,FALSE,TRUE,107125.79,FALSE
15805955,L?,638,France,Female,48,10,138333.03,1,TRUE,TRUE,47679.14,FALSE
15801488,Buckner,723,France,Male,25,3,0,2,TRUE,TRUE,134509.47,FALSE
15605918,Padovesi,635,Germany,Male,43,5,78992.75,2,FALSE,FALSE,153265.31,FALSE
15779711,Gray,750,Spain,Female,38,7,97257.41,2,FALSE,TRUE,179883.04,FALSE
15705620,Lu,730,France,Male,34,5,122453.37,2,TRUE,FALSE,138882.98,FALSE
15685357,Wright,750,Spain,Female,36,8,112940.07,1,FALSE,TRUE,9855.81,FALSE
15570060,Palerma,648,France,Female,43,8,132558.26,1,TRUE,FALSE,67046.83,TRUE
15582616,Y?an,520,France,Female,38,4,0,2,TRUE,FALSE,56388.63,FALSE
15799515,Wei,652,France,Female,48,8,133297.24,1,TRUE,FALSE,77764.37,FALSE
15642937,Padovesi,550,France,Female,46,7,0,2,TRUE,FALSE,130590.35,FALSE
15624729,Tsao,594,France,Male,27,0,197041.8,1,FALSE,FALSE,151912.49,FALSE
15566156,Franklin,749,Germany,Female,44,0,71497.79,2,FALSE,FALSE,151083.8,FALSE
15792360,Clark,668,France,Male,32,7,0,2,TRUE,TRUE,777.37,FALSE
15807008,McGregor,614,Germany,Female,35,6,128100.28,1,FALSE,FALSE,69454.24,TRUE
15704770,Pan,773,France,Male,25,1,124532.78,2,FALSE,TRUE,11723.57,FALSE
15756475,Kenniff,551,Germany,Male,31,9,82293.82,2,TRUE,TRUE,91565.25,FALSE
15655339,Spencer,566,France,Male,36,1,142120.91,1,TRUE,FALSE,79616.37,FALSE
15613749,Lees,569,Spain,Male,34,0,151839.26,1,TRUE,FALSE,102299.81,TRUE
15664521,David,659,Spain,Male,31,7,149620.88,2,TRUE,TRUE,104533.51,FALSE
15681206,Hsing,722,France,Female,49,3,168197.66,1,TRUE,FALSE,140765.57,TRUE
15745527,Burke,655,France,Male,37,5,93147,2,TRUE,FALSE,66214.13,FALSE
